"Country Name","Country Code","Indicator Name","Indicator Code","1970","1971","1972","1973","1974","1975","1976","1977","1978","1979","1980","1981","1982","1983","1984","1985","1986","1987","1988","1989","1990","1991","1992","1993","1994","1995","1996","1997","1998","1999","2000","2001","2002","2003","2004","2005","2006","2007","2008","2009","2010","2011","2012","2013","2014","2015","2016","2017","2018","2019","2020","2021"
"Aruba","ABW","Adjusted net national income (constant 2015 US$)","NY.ADJ.NNTY.KD",NA,NA,NA,NA,NA,NA,NA,NA,NA,NA,NA,NA,NA,NA,NA,NA,NA,NA,NA,NA,NA,NA,NA,NA,NA,NA,NA,NA,NA,NA,NA,NA,NA,NA,NA,NA,NA,NA,NA,NA,NA,NA,NA,NA,NA,2511924645.18289,NA,NA,NA,NA,NA,NA
"Africa Eastern and Southern","AFE","Adjusted net national income (constant 2015 US$)","NY.ADJ.NNTY.KD",NA,NA,NA,NA,NA,NA,NA,NA,NA,NA,NA,NA,NA,NA,NA,NA,NA,NA,NA,NA,NA,NA,NA,NA,NA,NA,NA,NA,NA,NA,NA,NA,407745907705.836,428680589415.563,453257277899.276,485401008580.717,527607988946.661,540694064150.644,526505070395.762,559681074772.006,586077398468.962,617395166036.491,650730362184.173,680237188743.274,710879677724.116,741909236063.753,766897956536.619,781264125201.964,829323842542.373,855643615915.091,853832348662.892,887988734429.434
"Afghanistan","AFG","Adjusted net national income (constant 2015 US$)","NY.ADJ.NNTY.KD",NA,NA,NA,NA,NA,NA,NA,NA,NA,NA,NA,NA,NA,NA,NA,NA,NA,NA,NA,NA,NA,NA,NA,NA,NA,NA,NA,NA,NA,NA,NA,NA,NA,NA,NA,NA,NA,NA,NA,NA,NA,NA,NA,NA,NA,18572571195.5786,NA,NA,NA,NA,NA,NA
"Africa Western and Central","AFW","Adjusted net national income (constant 2015 US$)","NY.ADJ.NNTY.KD",NA,NA,NA,NA,NA,NA,NA,NA,NA,NA,NA,NA,NA,NA,NA,NA,NA,NA,NA,NA,NA,NA,NA,NA,NA,NA,NA,NA,NA,NA,NA,NA,NA,NA,NA,NA,NA,NA,NA,NA,NA,NA,NA,NA,NA,649626064751.412,NA,NA,NA,NA,NA,NA
"Angola","AGO","Adjusted net national income (constant 2015 US$)","NY.ADJ.NNTY.KD",NA,NA,NA,NA,NA,NA,NA,NA,NA,NA,NA,NA,NA,NA,NA,NA,NA,NA,NA,NA,NA,NA,NA,NA,NA,NA,NA,NA,NA,NA,NA,NA,29544946216.3581,32031219873.4068,34241307412.0339,37318708316.4924,43317292572.231,39700118180.333,33697916998.7597,42652349394.0504,46524170554.4732,56315064942.8054,62797003396.1275,71933697673.6153,74186950441.579,66790173500.1792,60867448165.947,60095272821.0385,66168025837.9186,62640846557.9732,71226112154.6236,73209310399.8686
"Albania","ALB","Adjusted net national income (constant 2015 US$)","NY.ADJ.NNTY.KD",NA,NA,NA,NA,NA,NA,NA,NA,NA,NA,NA,NA,NA,NA,NA,NA,NA,NA,NA,NA,NA,NA,NA,NA,NA,3569080136.86226,4826191011.2909,3986418416.96731,4273881197.47349,4915351170.35345,5446745515.48131,5990680097.83572,6176804138.7181,6518466082.67157,6908843121.01276,7182500475.82519,7678971647.83585,7964165214.9959,8509748489.14637,8603706174.94225,8837826240.71859,8856551353.02279,8895779373.42836,9194527731.2855,9315867730.39635,9442334426.19139,9949554171.46242,10040194175.8048,10437921825.2201,10525683529.5232,10190134085.7518,11338633814.8296
"Andorra","AND","Adjusted net national income (constant 2015 US$)","NY.ADJ.NNTY.KD",NA,NA,NA,NA,NA,NA,NA,NA,NA,NA,NA,NA,NA,NA,NA,NA,NA,NA,NA,NA,NA,NA,NA,NA,NA,NA,NA,NA,NA,NA,NA,NA,NA,NA,NA,NA,NA,NA,NA,NA,NA,NA,NA,NA,NA,NA,NA,NA,NA,NA,NA,NA
"Arab World","ARB","Adjusted net national income (constant 2015 US$)","NY.ADJ.NNTY.KD",NA,NA,NA,NA,NA,NA,NA,NA,NA,NA,NA,NA,NA,NA,NA,NA,NA,NA,NA,NA,NA,NA,NA,NA,NA,NA,NA,NA,NA,NA,NA,1097847499128.12,1135427411440.32,1186958704191.26,1290161655455.42,1418951494325.18,1588041836395.76,1707813197223.73,1905092987707.68,1745263608655.83,1901848118511.15,2083208386103.36,2250793109512.5,2293106584300.61,2294645018489.52,2141147130648.35,2157939043020.64,2235286688535.51,2354338329661.38,2383377469956.72,2172323684208.12,NA
"United Arab Emirates","ARE","Adjusted net national income (constant 2015 US$)","NY.ADJ.NNTY.KD",NA,NA,NA,NA,NA,NA,NA,NA,NA,NA,NA,NA,NA,NA,NA,NA,NA,NA,NA,NA,NA,NA,NA,NA,NA,NA,NA,NA,NA,NA,NA,195153022465.691,193218066144.407,204293022427.052,223792414300.14,239443776031.558,279228730685.53,299699084954.724,319651854222.255,266737488471.083,267497240767.682,311910547130.222,332830167966.498,350016112787.874,364403473367.302,339166891399.72,349251740760.509,367034876424.127,377751420606.148,379676179915.35,320007050621.006,NA
"Argentina","ARG","Adjusted net national income (constant 2015 US$)","NY.ADJ.NNTY.KD",186124931642.864,205120976219.304,203520544675.342,215427729018.988,222592422453.24,222589576007.004,217756729810.907,229981998532.998,141996153166.255,232458200987.597,241560929486.445,225560828624.545,209391760119.447,219826335643.819,151775571867.452,209855926375.783,238786862563.462,235688869287.231,228068666577.773,199308595525.34,199995996148.856,230941326066.341,263811938644.539,277820005338.691,291325525911.141,277726982002.732,296664500042.647,318609639486.936,328440106020.257,309892954965.124,306950607277.816,292467625136.43,260176626231.925,290464334441.453,287989580924.515,309083437491.844,373202170817.125,418184318575.125,441850181445.212,408691884546.065,456014247137.69,496231951942.541,489386544713.445,499896288424.636,481930355597.948,507308748132.43,497530808193.095,526110843525.895,496612611278.478,471312524843.888,434378669300.084,488630635314.517
"Armenia","ARM","Adjusted net national income (constant 2015 US$)","NY.ADJ.NNTY.KD",NA,NA,NA,NA,NA,NA,NA,NA,NA,NA,NA,NA,NA,NA,NA,NA,NA,NA,NA,NA,NA,NA,NA,NA,NA,2988648235.03487,3181070510.34328,3400526236.14884,3521771304.14438,3632325063.29325,3600808663.14085,3900779320.2229,4477457038.96183,5365759698.54994,5920483980.49507,6801049527.24035,7795848002.75093,9112357706.72322,9957823381.27937,7771768479.85734,7895354801.14977,8107503597.00637,9167918367.22997,9485060528.33705,9601951747.60688,9466501710.46717,9327833145.16188,10293869479.6439,10719481260.0959,11345604411.6894,10302611741.2014,10545755086.1819
"American Samoa","ASM","Adjusted net national income (constant 2015 US$)","NY.ADJ.NNTY.KD",NA,NA,NA,NA,NA,NA,NA,NA,NA,NA,NA,NA,NA,NA,NA,NA,NA,NA,NA,NA,NA,NA,NA,NA,NA,NA,NA,NA,NA,NA,NA,NA,NA,NA,NA,NA,NA,NA,NA,NA,NA,NA,NA,NA,NA,NA,NA,NA,NA,NA,NA,NA
"Antigua and Barbuda","ATG","Adjusted net national income (constant 2015 US$)","NY.ADJ.NNTY.KD",NA,NA,NA,NA,NA,NA,NA,NA,NA,NA,NA,NA,NA,NA,NA,NA,NA,NA,NA,NA,NA,NA,NA,NA,NA,NA,NA,NA,NA,NA,NA,NA,NA,NA,NA,NA,NA,NA,NA,NA,NA,NA,NA,NA,NA,NA,NA,NA,NA,NA,NA,NA
"Australia","AUS","Adjusted net national income (constant 2015 US$)","NY.ADJ.NNTY.KD",NA,NA,NA,NA,NA,NA,NA,NA,NA,NA,NA,NA,NA,NA,NA,NA,NA,NA,NA,NA,NA,NA,NA,NA,NA,NA,NA,NA,NA,NA,NA,NA,NA,NA,NA,NA,NA,NA,NA,NA,NA,NA,NA,NA,NA,1060111764468.07,NA,NA,NA,NA,NA,NA
"Austria","AUT","Adjusted net national income (constant 2015 US$)","NY.ADJ.NNTY.KD",118948313468.699,124384110522.106,132349528456.072,140281042592.321,143138881505.888,143241751471.442,149656280730.459,156619003154.387,157256865818.189,165133132608.023,166446199937.957,165126331338.222,168334971895.192,174455273919.542,174737932648.965,178555765032.794,183450028451.198,186911671325.831,194209356246.684,201637565183.341,210674654974.544,216867361292.501,221222373926.877,221082895484.647,226414440157.271,231288777521.72,236539558638.866,239859740446.827,247715776014.725,252621946419.23,261939104272.834,262539918676.654,269792422572.733,272433188465.506,280653702652.417,285823571768.749,297631392438.041,307605489169.343,312477916037.183,296916687260.016,302552289146.613,307148487790.753,305937256914.373,305278092522.689,307991891133.497,309509620837.21,321155975797.924,322043631798.935,328441225764.204,333361880330.664,311787176507.074,323669911071.103
"Azerbaijan","AZE","Adjusted net national income (constant 2015 US$)","NY.ADJ.NNTY.KD",NA,NA,NA,NA,NA,NA,NA,NA,NA,NA,NA,NA,NA,NA,NA,NA,NA,NA,NA,NA,NA,NA,NA,NA,NA,NA,NA,NA,NA,NA,NA,NA,NA,NA,NA,NA,NA,NA,NA,NA,NA,NA,NA,NA,NA,43038971195.4602,NA,NA,NA,NA,NA,NA
"Burundi","BDI","Adjusted net national income (constant 2015 US$)","NY.ADJ.NNTY.KD",NA,NA,NA,NA,NA,NA,NA,NA,NA,NA,NA,NA,NA,NA,NA,NA,NA,NA,NA,NA,NA,NA,NA,NA,NA,NA,NA,NA,NA,NA,NA,NA,NA,NA,NA,NA,NA,NA,NA,NA,NA,NA,NA,NA,NA,2232109159.6808,NA,NA,NA,NA,NA,NA
"Belgium","BEL","Adjusted net national income (constant 2015 US$)","NY.ADJ.NNTY.KD",158315051613.088,163565285350.213,174037608505.293,186088104394.978,189251895474.981,186882010243.083,197640850391.296,197776343122.461,203426311778.836,207266082515.102,206131254219.766,200594289119.62,200234697189.895,201822259005.709,208310780752.417,214277850574.999,224597763354.191,231767076241.525,245810424497.369,254686471300.828,261916098195.175,267428923896.338,273878736624.178,275745295852.745,286517393712.914,291104616001.055,292418505729.269,302874507867.162,308935612089.856,316336548208.844,324926663466.434,324886071610.633,330936644463.806,331995184819.334,339964904821.625,344556498067.968,350661619020.088,363283178684.253,358396396186.881,352457331447.858,357986721740.273,351645791491.702,362120796986.455,365258765099.534,370985330016.788,381064891635.198,387554565048.325,392154277724.034,395509857802.588,406798680259.54,379535184719.811,402263397056.483
"Benin","BEN","Adjusted net national income (constant 2015 US$)","NY.ADJ.NNTY.KD",NA,2111971135.16032,2239202263.35554,2331140692.68364,2318594708.16064,2156381411.1481,2145108379.20647,2159101080.08619,2241916145.18678,2504769546.62757,2717458254.7781,2855303376.13712,2723409969.20921,2597305715.91743,2745353838.30327,3010450668.72816,2972684576.04731,2911432619.02374,3041580767.28573,2852575083.15488,3152003244.5754,3329367455.30945,3208916488.48148,3508088238.86016,3186551418.45394,3378673193.7913,3594162782.07994,3861207424.0888,4024753030.98627,4451781951.8841,4842524778.58319,5202357359.26476,5630680440.35549,5915561740.50187,6304061229.87846,6340590383.4759,6583997263.64285,6948495565.87697,7313893266.05851,7485275922.89166,7630535737.52637,7992359188.25972,8485110334.24627,9320889372.22853,9898950461.51874,10210946433.7156,10668526525.8966,11064764487.7391,11757990112.5614,12695139075.0807,13042691496.3013,14124930711.1443
"Burkina Faso","BFA","Adjusted net national income (constant 2015 US$)","NY.ADJ.NNTY.KD",NA,NA,NA,NA,NA,NA,NA,NA,NA,NA,2269607125.29754,2358872523.16612,2551265916.83841,2545565669.52976,2513964657.65992,2543766178.1464,2792390580.32646,2773475902.89508,2938347694.84751,2947121325.57062,2954583696.77737,3170003258.9443,3182054071.55677,3273173501.26467,3037292097.84846,3284254446.64325,3636632611.73577,3815484395.91663,4154565919.20412,4288612446.22599,4451821427.34573,4742746875.41616,4940440921.67007,5312789109.32467,5561141365.34817,5964879954.86849,6302128042.56638,6543479587.35072,6867097936.32322,7024092811.29908,7597917074.04836,8059324830.09416,9057110755.90707,9359747743.71335,9661290106.53611,10198918188.6912,11061483719.5369,11772156597.6228,12686637630.5271,13592776964.5137,13698676998.891,12950785773.1741
"Bangladesh","BGD","Adjusted net national income (constant 2015 US$)","NY.ADJ.NNTY.KD",NA,NA,NA,35821196460.3593,35445880819.7896,33786010141.9872,34054431610.4248,33196279862.2948,36197141495.2763,38429125297.2449,39175860571.9725,43863184199.15,42914447622.0053,43914258167.9956,44918733188.3894,49049473147.5496,50976360210.8416,52824336115.4217,54181128195.4445,55546575138.3512,59446990016.8001,58604039984.6803,60515050502.2001,62343886982.9956,65579511348.7254,68043949361.828,69991035538.8898,71500170402.8487,74469548775.6232,77781105183.0482,82193772416.5126,86142199344.251,89347556408.2549,93064891039.0209,100252204113.514,106804063706.007,115465628924.571,124093504572.508,130596169967.948,137184099165.349,145625602967.543,153838407496.029,163245979519.99,172506809719.003,179643566999.423,190332221808.999,203481139726.763,212734929033.513,232172024017.479,265512163746.117,276590006957.349,297059874833.489
"Bulgaria","BGR","Adjusted net national income (constant 2015 US$)","NY.ADJ.NNTY.KD",NA,NA,NA,NA,NA,NA,NA,NA,NA,NA,NA,NA,NA,NA,NA,NA,NA,NA,NA,NA,NA,NA,NA,NA,NA,30553598527.088,29942675919.0617,23247332068.4916,23976128216.8275,22114318876.0126,22963132738.4963,24678837710.1809,26692587834.1372,27965120039.8066,30084036703.9231,31598775601.8215,33170368410.7384,34172026836.8846,38026852226.9388,37727418784.4932,38215191475.8116,39666390999.5102,40530281964.8697,39972337125.5201,40906501984.3323,41775029209.2939,43947824059.5785,45752202204.7107,46624761464.6641,49589819299.6908,48591685793.623,52527127887.2157
"Bahrain","BHR","Adjusted net national income (constant 2015 US$)","NY.ADJ.NNTY.KD",NA,NA,NA,NA,NA,NA,NA,NA,NA,NA,NA,NA,NA,NA,NA,NA,NA,NA,NA,NA,NA,NA,NA,NA,NA,NA,NA,NA,NA,NA,9504634174.09787,9891983616.49319,9258870128.08737,10551966481.8454,11118778698.6113,12724332637.2141,14572434204.401,17335410061.126,19072536383.3405,17404778548.1883,18419706962.49,17159397429.8439,21008049831.1995,22488173279.7746,22865943831.7741,23408567786.7091,24707476464.8632,26099060556.3988,25481019792.0402,25914914731.9614,23692167031.8897,NA
"Bahamas, The","BHS","Adjusted net national income (constant 2015 US$)","NY.ADJ.NNTY.KD",NA,NA,NA,NA,NA,NA,NA,NA,NA,NA,NA,NA,NA,NA,NA,NA,NA,NA,NA,6423534019.89469,6308728337.40554,5878402911.09371,5917663457.68363,5765054149.33678,5860163924.21867,7229519470.85311,8187984164.40301,8975590811.16458,9697234037.06056,10704682811.346,11172105221.8114,10877382912.1489,12060034996.5168,11801248175.246,11465143050.8549,12005911586.1406,11636815290.2031,12151158764.7344,11766699056.47,10641919158.6998,10336768922.3517,10141368625.0799,10151102633.708,9866024664.41555,10107743210.3723,10367560246.349,10396936068.3474,10986531511.9974,10796822516.2428,11018015722.3077,8109974962.75823,9220568552.41217
"Bosnia and Herzegovina","BIH","Adjusted net national income (constant 2015 US$)","NY.ADJ.NNTY.KD",NA,NA,NA,NA,NA,NA,NA,NA,NA,NA,NA,NA,NA,NA,NA,NA,NA,NA,NA,NA,NA,NA,NA,NA,NA,NA,NA,NA,NA,NA,9293255575.68484,9499688475.0177,9993771728.0593,10244655299.0144,11354418803.0784,11541293961.8532,12454727774.446,13097785755.7755,14045623619.0488,13650988966.9466,13338990540.022,13024592939.6231,12620754307.4136,12915270744.4911,12983859608.7259,13651574237.7534,14350209299.8753,14893196415.222,15645514227.716,16291465965.9501,15763002763.5977,17125880645.4222
"Belarus","BLR","Adjusted net national income (constant 2015 US$)","NY.ADJ.NNTY.KD",NA,NA,NA,NA,NA,NA,NA,NA,NA,NA,NA,NA,NA,NA,NA,NA,NA,NA,NA,NA,NA,NA,17011436753.6822,13529766820.6246,11366844107.8596,10216116912.4408,10868467159.3103,11833987447.3816,13138228932.1333,13534315156.2347,14782921134.6984,16291184558.6509,17517153115.8928,19242993476.8988,21720231243.7133,24961174211.076,28559537207.6829,31561626846.8588,36723920686.1386,35186420765.757,38003963924.0877,44815103030.191,46463220635.3086,46354927208.0497,47846263665.2281,45644199338.8615,43053633541.8156,44815880965.0966,47569448661.7245,48931377824.1291,48125202739.9553,49636482202.7079
"Belize","BLZ","Adjusted net national income (constant 2015 US$)","NY.ADJ.NNTY.KD",NA,NA,NA,NA,NA,NA,NA,NA,NA,NA,537192192.976855,429529849.221782,418547085.550295,416175617.377338,419756535.101401,378392410.130732,415049932.197246,497301940.969079,564213800.351627,618621307.667153,898273626.829667,963791789.900179,1018911712.24302,1073950822.6106,1095153385.87077,1121613379.29249,1122236022.62817,1066550142.70207,1108186592.26966,1177533834.37891,1179235045.1939,1226321542.83218,1280248196.3823,1297015840.54301,1306696982.47308,1337071279.42848,1360487860.04458,1369207495.89445,1300311639.08848,1360072909.50112,1312801367.8277,1362221161.62569,1438689063.61159,1521518239.0147,1594124379.54165,1767906855.51798,1778924398.04067,1756161629.05346,1729819303.57741,1810510213.50837,1610457720.03483,1826816441.08413
"Bermuda","BMU","Adjusted net national income (constant 2015 US$)","NY.ADJ.NNTY.KD",NA,NA,NA,NA,NA,NA,NA,NA,NA,NA,NA,NA,NA,NA,NA,NA,NA,NA,NA,NA,NA,NA,NA,NA,NA,NA,NA,NA,NA,NA,NA,NA,NA,NA,NA,NA,NA,NA,NA,NA,NA,NA,NA,NA,NA,NA,NA,NA,NA,NA,NA,NA
"Bolivia","BOL","Adjusted net national income (constant 2015 US$)","NY.ADJ.NNTY.KD",NA,NA,NA,NA,NA,NA,10243696556.7979,10509658991.0977,10118648553.2625,10069819510.369,9641521605.53807,10066792313.2212,9347297878.86408,9227013493.28649,9141124258.11793,9568638970.90567,9205624892.98,9623187961.38758,9696912326.45906,9939662269.02962,10465187839.2119,10994054359.9296,11188431413.065,11489004922.9548,11983756180.2918,12649351740.2324,13427587825.6035,14206496942.3367,15072478120.5091,14757603962.6668,14590128013.3687,15057128775.0631,15555343840.2939,15985557072.0848,16558575103.3541,16898967149.424,18053688251.4435,18848096173.5212,20979149996.6755,21435800539.9287,22811069710.5796,23883347190.4217,24435717581.3029,25794768768.8962,26603965193.7511,27893798723.5079,29397354544.4701,25143308831.345,26387751542.4363,27094527377.3967,24823870319.7403,24767379146.1396
"Brazil","BRA","Adjusted net national income (constant 2015 US$)","NY.ADJ.NNTY.KD",329110880000.362,368091775463.708,414137942657.722,473324309594.753,502447211543.688,520648252165.583,577026814884.829,604450867733.063,622321136945.783,657039906496.319,690526638622.235,645091781763.082,643119147954.105,609406484487.03,649729673703.975,578800408642.522,654724453920.382,665795735850.07,665018812418.609,738402519672.885,750272560493.95,772272204448.97,774164576100.743,809359236452.688,853512696187.512,930801988556.569,965232880866.783,985700389318.122,969049036788.402,930650846468.133,965374492739.019,966883368474.613,991462235799.324,1000147347743.49,1070949803660.73,1092439168209.47,1153750812270.98,1233167292430.35,1279114301312.37,1268514679428.89,1349873827942.33,1391690593359.33,1375518432996.86,1435186183255.68,1423738181190.68,1344519763892.24,1294682926781.47,1345642385705.46,1358080917455.87,1375688443906.62,1339283737663.96,1357502419841.13
"Barbados","BRB","Adjusted net national income (constant 2015 US$)","NY.ADJ.NNTY.KD",NA,NA,NA,NA,NA,NA,NA,NA,NA,NA,NA,NA,NA,NA,NA,NA,NA,NA,NA,NA,NA,NA,NA,NA,NA,NA,NA,NA,NA,NA,NA,NA,NA,NA,NA,NA,NA,NA,NA,NA,NA,NA,NA,NA,NA,3991714767.10296,NA,NA,NA,NA,NA,NA
"Brunei Darussalam","BRN","Adjusted net national income (constant 2015 US$)","NY.ADJ.NNTY.KD",NA,NA,NA,NA,NA,NA,NA,NA,NA,NA,NA,NA,NA,NA,NA,NA,NA,NA,NA,NA,4461385893.8535,5060781559.90271,5164741351.69288,4915881480.23591,4635906062.28715,4514700422.27552,6101124976.59917,5059693599.29088,4727291370.36982,4994711843.98238,5017773167.25018,5190081057.17382,5562815113.20249,5823896605.50206,6565326207.17563,7486860351.82464,8177710457.40378,8455569438.52223,10289753086.6019,8684006313.58804,9679876698.3943,11251843920.4371,12059354757.3628,12076020590.1185,11849661766.7964,10647352234.2435,10226256364.7561,10678260318.4649,10440365642.4659,10849023951.4542,10445766269.9868,10204710887.6713
"Bhutan","BTN","Adjusted net national income (constant 2015 US$)","NY.ADJ.NNTY.KD",NA,NA,NA,NA,NA,NA,NA,NA,NA,NA,NA,NA,NA,NA,NA,NA,NA,NA,NA,NA,347540187.959075,327463238.849696,325665049.282339,331367178.134672,374800788.770004,375964639.886188,398712995.912289,450496675.429866,440088751.969391,457845140.013065,595151917.029488,652814149.16539,718998962.853538,761950969.145387,804965475.619515,869367539.977859,907318981.765495,1027561128.68019,1067020723.33524,1133609765.07465,1216957160.82409,1304624347.00161,1359194079.69473,1403097398.08599,1518676984.37313,1625361112.17538,1709577048.77155,1815123422.90651,1880834166.64244,2078563542.73577,1983375877.79143,1991082695.47577
"Botswana","BWA","Adjusted net national income (constant 2015 US$)","NY.ADJ.NNTY.KD",NA,NA,NA,NA,NA,614966891.071816,686014231.890342,747497589.063427,882905336.375685,1041103103.22694,1036433400.60113,1105225167.09475,1143606222.18817,1204087207.46636,1304548654.45451,1703864537.50523,1962358407.49121,2227777349.37613,2645786329.59541,2774252464.67964,3189931892.67044,3499850819.90246,3623552523.25756,3963084676.07012,3499145221.46607,3916165815.2715,4420092074.4658,4972177804.28594,4842592328.81208,5370993323.35902,5269665121.61826,5414524792.97796,4807359365.10197,4497207587.16597,4619115989.36967,5579404106.44846,6155814940.37606,6815684678.595,7613561248.9784,7129318215.72234,7927669261.23277,9496430619.14837,9590454050.92942,10195909930.4865,11134796491.0209,10484405172.8608,11072023937.2086,10927855158.8418,10680679727.5188,11572716028.7028,11591687544.4812,11965326721.8788
"Central African Republic","CAF","Adjusted net national income (constant 2015 US$)","NY.ADJ.NNTY.KD",NA,NA,NA,NA,NA,NA,NA,NA,NA,NA,NA,NA,NA,NA,NA,NA,NA,NA,NA,NA,NA,NA,NA,NA,NA,NA,NA,NA,NA,NA,NA,NA,NA,NA,NA,NA,NA,NA,NA,2472225120.12549,2508052535.74403,2418936326.65216,2394024448.02977,1377767642.90308,1330141834.38107,1414004962.12207,1618401687.51622,1555499701.29228,1923084785.1363,1939917665.80711,1907507664.40569,1895476218.90306
"Canada","CAN","Adjusted net national income (constant 2015 US$)","NY.ADJ.NNTY.KD",359132737045.886,377122238136.534,401784205423.367,431458798949.227,447711470932.385,458905916801.431,484546116755.856,494472771708.613,507942336902.571,513728380973.194,521803649153.705,538677918067.83,522697113708.33,540510936224.808,570754127340.904,598120777498.208,610416984270.136,642269269642.327,672462744772.155,689244812843.167,682686513735.65,670345811592.574,668562592524.359,685314929893.381,715358941119.51,744279760387.498,755544931222.558,788304011630.65,804227651172.791,852549058840.353,911022811753.224,920664955044.185,948160100582.258,978544840349.639,1033817786744.76,1073522981797.94,1125417910221.85,1158992421879.01,1174056443266.82,1100488190826.22,1162255146207.69,1215523181284.7,1232833261682.62,1266042412141.1,1293660207068.72,1262658119934.01,1270019452326.91,1335378467923.33,1366428423538.64,1392043624811.76,1288670860513.44,1402075090033.31
"Central Europe and the Baltics","CEB","Adjusted net national income (constant 2015 US$)","NY.ADJ.NNTY.KD",NA,NA,NA,NA,NA,NA,NA,NA,NA,NA,NA,NA,NA,NA,NA,NA,NA,NA,NA,NA,NA,NA,NA,NA,NA,528135638261.864,549748859936.159,564223583040.407,590558576193.598,599843297098.528,619281671469.125,643134534151.579,671452297458.622,694568159620.351,736152715926.049,786110692737.701,831920146369.974,891240089833.588,939943536407.092,913101054865.405,910603785432.816,931504416476.697,941494161176.55,955481372481.528,994334547013.438,1042100378371.99,1075353976292.88,1134351333982.87,1189836595776.16,1245955103688.01,1215689214989.66,1273334898819.53
"Switzerland","CHE","Adjusted net national income (constant 2015 US$)","NY.ADJ.NNTY.KD",NA,NA,NA,NA,NA,NA,NA,NA,NA,NA,NA,NA,NA,NA,NA,NA,NA,NA,NA,NA,NA,NA,NA,NA,NA,387155532313.272,389726724218.566,404344540148.293,421204472484.389,429590390474.264,447194768154.033,436668218039.167,430283664126.129,452180312854.405,461279909523.589,486561145014.113,503048527933.138,481662270015.881,446641608118.686,481566732943.934,528832202125.662,511171209664.406,528832309442.503,530382134824.18,529247279431.901,549515574202.725,541608278184.942,538289186490.885,535362993009.177,543331693905.327,513660895982.027,556087607539.801
"Channel Islands","CHI","Adjusted net national income (constant 2015 US$)","NY.ADJ.NNTY.KD",NA,NA,NA,NA,NA,NA,NA,NA,NA,NA,NA,NA,NA,NA,NA,NA,NA,NA,NA,NA,NA,NA,NA,NA,NA,NA,NA,NA,NA,NA,NA,NA,NA,NA,NA,NA,NA,NA,NA,NA,NA,NA,NA,NA,NA,NA,NA,NA,NA,NA,NA,NA
"Chile","CHL","Adjusted net national income (constant 2015 US$)","NY.ADJ.NNTY.KD",32070303260.9583,36101747271.1492,37147689444.7142,34320692307.4505,30001098972.5642,23471868628.808,25252075033.6194,28533643722.0947,30620022364.0571,33402638938.6302,35400515213.8982,37605041256.8521,41212838476.2757,29745955386.5971,28492596225.7195,27970853684.3266,30570756674.3893,34117809492.2987,37624670363.6783,40835645853.254,42822636104.9301,48429739323.2961,54943773613.067,58938870228.0837,63607341231.0317,72667653615.3737,77713773783.6886,83915618765.0573,88913022630.18,87958732343.0386,91232552204.9395,94828541210.2747,97893226921.4258,102175394166.942,108368518078.163,117976254058.081,122956238469.562,133135966462.946,135408598639.827,141138189086.34,156993704874.954,161668537292.674,179180870726.375,187661619433.502,190644852388.628,201607398550.396,201043728211.878,203102168906.941,205061072772.085,211022493041.973,191271357914.028,203269212964.849
"China","CHN","Adjusted net national income (constant 2015 US$)","NY.ADJ.NNTY.KD",NA,NA,NA,NA,NA,NA,NA,NA,NA,NA,NA,NA,NA,NA,NA,NA,NA,NA,NA,NA,NA,NA,NA,NA,NA,1341325845814.35,1495547500972.02,1628592387927.61,1752491903817.88,1889261817653.92,2048949876985.27,2262509358352.78,2522148634688.81,2807793202157.12,3094050421508.23,3474031572130.24,3954596617003.91,4535737806854.58,4810922670995.61,5411659541247.48,5856886303939.45,6119045017788.66,6751251823270.42,7146200417108.88,7744546195150.8,8296709954530.95,8882031492982.82,9507261366588.05,9901205142511.23,10354034421302.8,10387481001996.3,11103150357523.5
"Cote d'Ivoire","CIV","Adjusted net national income (constant 2015 US$)","NY.ADJ.NNTY.KD",NA,NA,NA,NA,NA,NA,NA,NA,NA,NA,NA,NA,NA,NA,NA,NA,NA,NA,NA,NA,NA,NA,NA,NA,NA,NA,NA,NA,NA,NA,NA,NA,NA,NA,NA,NA,NA,NA,18386513033.6057,19215112318.1633,20430650583.7131,17061944188.2593,22656493637.0195,24265037605.5608,40042646225.2675,43312710567.4984,45673151588.2117,46927892027.9805,49156651820.3442,51639051844.3263,53275443192.856,56042598004.636
"Cameroon","CMR","Adjusted net national income (constant 2015 US$)","NY.ADJ.NNTY.KD",NA,4557424558.00712,4563656662.30032,4295551974.9259,4767017542.1636,5307226181.10987,4927350391.35326,5036656311.45001,7420710724.57815,7479506908.25878,6354401410.8107,8326962906.87375,10992017773.4635,10910954656.1502,11666425807.6692,12432838232.796,15454988035.1945,14076082571.1576,12405609740.2163,10150382173.9945,9600269061.67974,9786183524.81708,8390940086.29333,9998757666.59383,9897280446.19138,9985902358.02202,10165695196.7067,11134828248.5663,11940413129.2052,12716273669.0094,12837227326.261,13385170748.8479,13887735447.3774,15093542478.3839,16531747550.7597,16766599405.5097,17532927863.6756,17857510039.1738,18021075453.2232,19550451239.7308,19774380720.9594,20139946849.5488,21136004286.2919,22984112061.1718,24788674864.3998,26126342417.538,27557223576.4828,28427453384.6082,29802001563.9342,31286694985.1455,32841853017.4166,32476973673.3968
"Congo, Dem. Rep.","COD","Adjusted net national income (constant 2015 US$)","NY.ADJ.NNTY.KD",NA,NA,NA,NA,NA,NA,NA,NA,NA,NA,NA,NA,NA,NA,NA,NA,NA,NA,NA,NA,NA,NA,NA,NA,10881639873.8447,8313916491.99482,8583913760.05659,9425734898.54476,8836122643.21629,9885525686.85912,13620614595.607,11382372572.2322,12141403475.3469,11534367277.3498,13715925530.4372,14409930536.5662,15995779680.5891,16130978445.9715,15225228693.6528,16997992058.6065,18499985562.2397,20410700999.6613,20750696786.8851,22131306935.1024,23166606102.6512,25492178587.7236,26128189422.253,30739867760.2687,34292245951.5322,38006123107.3165,35786251307.683,29587285316.4827
"Congo, Rep.","COG","Adjusted net national income (constant 2015 US$)","NY.ADJ.NNTY.KD",1350445625.86431,1501442619.00968,1570368078.34492,1780202164.43025,1710375666.05785,1811502517.68422,1515675723.865,1322918828.65277,1172358686.31158,1166273327.63877,1714337506.51594,2751292150.66893,4197008081.40737,3624827036.25384,3601722410.35939,2954884910.94322,2328033923.21185,2000907422.49453,1344692685.82641,1024436917.22673,1072293793.12386,1666682512.22601,1777670265.13979,1279349633.73338,1494161502.7549,133855812.626197,179875380.563483,614094251.152168,1019478703.8401,822372691.793273,37698558.8451724,600018132.201907,843925099.506361,1659115727.22648,1189268533.04048,1683245187.27553,2173336142.7995,2379642965.7035,2904411097.63808,3657074377.71706,5055177062.70475,3730420155.75745,6200086308.67231,7850082113.1455,8865297222.44766,7462515048.91931,5962323993.47072,4146483065.27877,4692560394.81297,4125433069.13375,3367385650.13677,4568413162.40071
"Colombia","COL","Adjusted net national income (constant 2015 US$)","NY.ADJ.NNTY.KD",40276844417.8041,42853109092.7319,46559977288.3471,50841901085.0191,51936448169.0631,53222477946.431,58463279724.4333,63703219110.5326,69222322222.2574,70894998161.2777,74634926044.7542,74503663052.4851,75232837082.3463,74631518037.1331,76429709556.3507,77150219196.4039,85116347076.67,84070443797.0343,88991696564.0867,88980075580.3674,90288289578.2704,95412279586.9955,99872133652.5889,106943399173.489,120199902310.71,125438295631.194,125945461990.107,131041504537.51,130252974022.747,121645869742.257,121219822166.573,123864587660.778,126450048076.753,129638790421.363,136930269841.197,144290560086.462,153351009109.501,166797299351.318,173651501102.252,181201098053.231,189840283847.628,199021356993.431,211121325626.436,225013089253.342,237020909246.281,247102690753.018,253474652569.165,257491302759.91,262393515344.772,272425882062.495,257858465293.634,277591929695.878
"Comoros","COM","Adjusted net national income (constant 2015 US$)","NY.ADJ.NNTY.KD",NA,NA,NA,NA,NA,NA,NA,NA,NA,NA,317783691.828385,353957515.251309,362032933.379733,400178553.079702,418207029.056895,446298975.579548,480975277.823719,492173231.378845,506381416.596181,497363889.68272,545603769.089871,507253697.488685,543009842.47026,560599086.43362,511595062.078353,531752882.885128,525203723.066081,545425492.911972,550960556.27414,576612505.707613,576709834.002059,598384487.522047,611747701.292797,623391246.457163,656467086.686224,682537780.155004,676219623.683375,678853692.916702,691283608.729759,741507457.847064,727697608.284418,784401404.606174,808700834.267694,842534307.357202,868917152.656761,876930850.372276,905362687.640373,932464178.328353,979822978.109291,1007066423.31739,967777534.501911,1023640688.03258
"Cabo Verde","CPV","Adjusted net national income (constant 2015 US$)","NY.ADJ.NNTY.KD",NA,NA,NA,NA,NA,NA,NA,NA,NA,NA,NA,NA,NA,NA,NA,NA,NA,NA,NA,NA,NA,NA,NA,NA,NA,NA,NA,NA,NA,NA,NA,NA,NA,NA,NA,NA,NA,1183735196.93738,1230737317.53739,1258598287.70684,1229446477.97196,1274079452.04856,1289092993.18207,1322621336.79005,1317650075.03761,1358100076.39743,1429001202.21851,1457836356.58307,1576461164.56096,1678745821.39376,1407062405.25685,1509549863.13831
"Costa Rica","CRI","Adjusted net national income (constant 2015 US$)","NY.ADJ.NNTY.KD",NA,8765491206.50921,9257229728.13342,9954000229.10367,9788271504.38583,10389641400.1446,11426952172.5609,13243403721.509,13659924116.0567,13803038899.0879,13663730718.9074,11661427561.5098,10735474957.9839,11899722479.703,13330058003.8982,13813692661.6381,15551232895.1524,15260558710.1162,15605074570.1135,16020513615.8452,16850004046.004,17258190861.9424,19115947895.3156,20706281196.0848,22213457158.3729,23081207042.0135,23140086623.7078,24854641121.2579,26629685834.8037,26544655105.7137,27079256850.0899,28064945705.1693,28751435434.252,29865021430.721,30963066000.2873,31875504656.3128,34364503002.2086,37125903052.6917,38664174204.837,38533750209.4751,41365498225.3065,42849576380.5692,45512117214.2105,46625681430.5374,48316593588.8633,51139413619.9991,53848585799.157,55044422014.9186,56014922351.1587,57527108632.1202,54822081783.9341,57239324852.3048
"Caribbean small states","CSS","Adjusted net national income (constant 2015 US$)","NY.ADJ.NNTY.KD",NA,NA,NA,NA,NA,NA,NA,NA,NA,NA,NA,NA,NA,NA,NA,NA,NA,NA,NA,NA,NA,NA,NA,NA,NA,NA,NA,NA,NA,NA,NA,NA,NA,NA,NA,NA,NA,NA,NA,NA,NA,NA,NA,NA,NA,51421937311.1707,NA,NA,NA,NA,NA,NA
"Cuba","CUB","Adjusted net national income (constant 2015 US$)","NY.ADJ.NNTY.KD",21964407531.4919,23857540930.2761,25008478794.2059,25855939308.8755,26091166964.4957,28381105242.4258,29908236808.7737,32490363650.5134,34650415667.3887,34942330328.0515,33147695309.6723,39438024139.0684,42844035045.9284,45245483666.9145,48882108177.3478,50482975067.814,48146096649.6105,47674987491.2772,50006247012.2988,50433176400.5136,50236471796.3279,45007213949.542,37436967080.0556,32802216264.3048,33144770770.9988,32611762927.7346,34864533911.2688,35639192295.8851,35322367631.5071,37205864750.4228,38135530056.4012,39731586593.9172,40638724292.3582,43072639295.0626,45524320844.2598,49846315144.9483,56756931066.0557,58684642468.3777,57382236731.4488,59430502724.2938,63734716194.1334,63993844518.9026,67293602671.7033,69273272718.8899,71241363097.9762,74925815420.5882,77445258068.1477,78577687525.632,79337502700.7998,79567371031.1699,NA,NA
"Curacao","CUW","Adjusted net national income (constant 2015 US$)","NY.ADJ.NNTY.KD",NA,NA,NA,NA,NA,NA,NA,NA,NA,NA,NA,NA,NA,NA,NA,NA,NA,NA,NA,NA,NA,NA,NA,NA,NA,NA,NA,NA,NA,NA,NA,NA,NA,NA,NA,NA,NA,NA,NA,NA,NA,NA,NA,NA,NA,NA,NA,NA,NA,NA,NA,NA
"Cayman Islands","CYM","Adjusted net national income (constant 2015 US$)","NY.ADJ.NNTY.KD",NA,NA,NA,NA,NA,NA,NA,NA,NA,NA,NA,NA,NA,NA,NA,NA,NA,NA,NA,NA,NA,NA,NA,NA,NA,NA,NA,NA,NA,NA,NA,NA,NA,NA,NA,NA,NA,NA,NA,NA,NA,NA,NA,NA,NA,NA,NA,NA,NA,NA,NA,NA
"Cyprus","CYP","Adjusted net national income (constant 2015 US$)","NY.ADJ.NNTY.KD",NA,NA,NA,NA,NA,NA,3089599667.48946,3757939870.24842,3997592667.68394,4584003786.58851,4841640321.12311,4755070933.10234,5116626603.15303,5317622388.30168,6010484771.71996,6309482924.31951,6336735660.49875,6934031134.30045,7619037316.42398,8451824439.47757,8794933908.03402,8535981744.15758,9706594005.96729,9054185608.14971,9657968336.43366,10129132143.9705,10227752356.4385,10383388429.2295,12300330033.4364,11813788437.0382,12145275406.0156,13099778010.4113,13697679390.2521,14546211876.9328,15097927706.4195,15698405281.5353,16312291887.046,17097017031.2796,18579381322.8653,18399760264.1998,18541018613.4736,19383732355.5522,17975021969.1995,16495433485.7548,15881981941.2142,17093866472.6943,17903937924.2461,19217900891.9865,20160652911.0884,20892089924.9637,19084668906.6476,19977692903.7999
"Czechia","CZE","Adjusted net national income (constant 2015 US$)","NY.ADJ.NNTY.KD",NA,NA,NA,NA,NA,NA,NA,NA,NA,NA,NA,NA,NA,NA,NA,NA,NA,NA,NA,NA,NA,NA,NA,81377936624.8675,85002950515.2898,87911970997.9216,92753050296.3861,91781634959.5105,93822001563.8636,94304882225.2742,95784882244.0859,99399953295.5866,102593731559.831,106720121737.58,111088963927.14,117952392713.855,121856920505.045,128942815553.168,130754948512.071,123532308339.835,122311187061.136,122234422644.423,123622555143.818,124647573301.342,128354994205.923,136079681226.172,140184981356.998,148720274823.963,153349565262.104,156869651329.107,148242622603.433,153904348515.22
"Germany","DEU","Adjusted net national income (constant 2015 US$)","NY.ADJ.NNTY.KD",1228813830508.55,1266894972263.94,1320777116747.79,1380353856353.63,1366923933330.53,1353978294109.91,1419623527037.42,1465320246154.81,1525983720360.39,1567064036975.51,1552523279551.36,1522005564450.57,1514585109115.42,1550684461899.06,1593711627792.22,1633847846292.23,1724295745814.75,1760493862372.59,1839261973553.86,1902341291142.44,2009095433484.75,2085677536850.58,2134611301865.87,2105637595962.95,2159103197272.63,2197747143336.21,2214673831484.63,2242333818471.34,2291204512486.37,2329341887568.93,2360226189657.95,2390716463886.09,2374267509454.62,2365535292560.76,2435910075437.47,2442002927080.97,2555885733456.72,2626178430804.08,2603401099891.1,2482702223320.04,2577705046609.83,2677962701591.19,2674903482993.96,2686887871730.72,2753357445652.77,2830967288599.07,2922161764667.03,2990042411461.32,3036841657281.11,3065935253915.85,2921383548210.91,3000555933492.77
"Djibouti","DJI","Adjusted net national income (constant 2015 US$)","NY.ADJ.NNTY.KD",NA,NA,NA,NA,NA,NA,NA,NA,NA,NA,NA,NA,NA,NA,NA,NA,NA,NA,NA,NA,NA,NA,NA,NA,NA,NA,NA,NA,NA,NA,NA,NA,NA,NA,NA,NA,NA,NA,NA,NA,NA,NA,NA,1641978574.02923,1893662223.47846,2085118765.08581,2157578537.11748,2206834822.11097,2425119074.33592,2608225724.83169,2694079837.01841,2936611101.60377
"Dominica","DMA","Adjusted net national income (constant 2015 US$)","NY.ADJ.NNTY.KD",NA,NA,NA,NA,NA,NA,NA,NA,NA,NA,NA,NA,NA,NA,NA,NA,NA,NA,NA,NA,NA,NA,NA,NA,NA,NA,NA,NA,NA,NA,NA,NA,NA,NA,NA,NA,NA,NA,NA,NA,NA,NA,NA,NA,NA,445063829.46399,NA,NA,NA,NA,NA,NA
"Denmark","DNK","Adjusted net national income (constant 2015 US$)","NY.ADJ.NNTY.KD",105853366240.914,108336609329.381,112900910942.378,121397837950.025,114965913325.858,116056095932.933,123651509906.634,126932097083.041,132217368987.414,134199243412.556,129582361566.871,125949498099.128,128916471520.582,132965439022.35,137700422223.397,143306863124.81,153639260762.091,154605539177.757,152759599709.15,152522398873.199,154663934897.521,155942863652.116,161189941977.789,161220336900.536,170172361111.248,176093001248.729,181820547603.677,187423237925.955,192530278958.085,197806301709.528,202060903399.786,205121462201.613,206287910099.596,207420116130.299,216195366079.837,225238635828.747,234932563656.324,233436713628.129,231677063025.027,221971496301.22,232735130783.137,234655032765.597,236638557098.023,244330740600.87,253115726619.653,260292323814.975,266486285056.004,274024861447.478,280100408936.997,283786048937.536,281827747473.873,300988870902.393
"Dominican Republic","DOM","Adjusted net national income (constant 2015 US$)","NY.ADJ.NNTY.KD",NA,7898366673.35664,8976377820.3271,9767124456.06203,10241670484.9206,11403856435.0617,11218261960.5366,11697112694.9623,11774686141.1167,11925028317.2885,12637626727.6201,13000918631.0694,13341939737.3239,13463335329.335,12769753199.0177,14197796638.2002,15745678138.4415,16650571180.4097,17969372196.3987,18477191437.9569,17134125110.2973,18524920644.2956,20781115136.7785,21873018035.5866,22862774871.9866,24041037784.1182,25647614466.9042,28320013316.0034,30553196673.4585,31920403513.1879,32679760554.2367,34123664435.1878,35214966977.9021,32763923172.1223,33384366403.4417,37691635360.1619,40843503324.8818,43703832638.9033,45462088276.9878,47478808648.4584,50856068290.8931,51508597726.5944,53075070316.3376,54609019956.0847,58398131859.78,64844273923.5408,69475732411.6625,71848737695.7903,75983136622.8539,78745590430.8775,73240012715.9031,78740585479.1726
"Algeria","DZA","Adjusted net national income (constant 2015 US$)","NY.ADJ.NNTY.KD",NA,NA,36787362426.9489,35620287336.7817,38955138816.5942,39312854288.5541,40773698041.4981,44275405283.6963,50166491505.5173,44155102665.9444,58606204362.5093,69042764341.869,72636078985.9256,77337690409.2082,78762768271.0495,82288133371.3494,73416092156.328,62753853128.9159,60837968192.4583,63143985772.403,62683775659.057,60924565483.579,59517149318.2548,54698414700.4129,55097614822.9472,54475601516.4245,54242806578.645,55105711956.4467,58750189645.0988,58384878990.6389,69762748921.5944,69720007463.714,71228342041.5841,77693305699.1991,82697368229.4423,91321963792.8916,98924869097.4089,106019164651.492,113683183579.993,103857426575.074,118032710208.405,123484380089.861,134565715781.148,135698914586.582,134669021633.725,132830106034.379,139044106747.03,141298009188.513,141082780940.347,141261136450.72,132585641611.073,137377042756.475
"East Asia & Pacific (excluding high income)","EAP","Adjusted net national income (constant 2015 US$)","NY.ADJ.NNTY.KD",NA,NA,NA,NA,NA,NA,NA,NA,NA,NA,NA,NA,NA,NA,NA,NA,NA,NA,NA,NA,NA,NA,NA,NA,NA,2755662126410,2488653701165.57,2575773330239.37,2177067114033.3,2188729210814.9,2178196368904.39,2308955597453.05,3112600250395.15,2905677350591.59,3585510820979.93,3889403822184.01,4502569937777.47,5644563552354.14,5956131688079.64,6688042866128.15,7221883944856.26,7554534295476.22,8286624563768.05,8769528813610.84,9455245212311.55,10120414172541.7,10830561928260.7,11564808313751.7,12052802135406.1,12605175164119.3,12573957433767.2,13356018729076.8
"Early-demographic dividend","EAR","Adjusted net national income (constant 2015 US$)","NY.ADJ.NNTY.KD",NA,NA,NA,NA,NA,NA,NA,NA,NA,NA,NA,2536269244716.27,2496463674239.32,2994384919543.8,3286783411294.7,3899784196028.24,3800599165279.33,3642197506598.82,2948551581644.32,3060767567020.27,3504417070336.82,3479236311924.51,3723176746903.53,4129998272982.56,4597815446886.75,4648374660777.26,4323162109333.13,4441494952574.18,3933735269088.02,3844952092016.25,3721398319185.75,3691064169684.8,4408866018104.83,4006034121325.23,4645931435503.58,4827928970637.06,5345801229928.77,6308334932976.95,6508885424768.08,6681331863241.35,7184460821604.93,7549288023794.08,7808256048156.13,8061612674524.89,8324127145150.01,8575713884473.22,9008955527458.56,9432224830203.93,9645133197279.1,9864492417029.91,9320434450667.33,9972930400252.83
"East Asia & Pacific","EAS","Adjusted net national income (constant 2015 US$)","NY.ADJ.NNTY.KD",NA,NA,NA,NA,NA,NA,NA,NA,NA,NA,NA,NA,NA,NA,NA,NA,NA,NA,NA,NA,NA,NA,NA,NA,NA,7506353216424.93,7387352384096.29,7528962592974.51,6955306336098.5,7012843739317.08,7170301495509.97,7364691764737.35,8316149432344.22,8180434835895.06,9075898312024.24,9498007787540.23,10256483437006.1,11643383008152.2,11769863472676.2,12370238637897.1,13277916545553,13642191007132.1,14540783364970.4,15227706080900.4,16049096829388.5,17021436625549,17937327253781,18876101785742.5,19412797515351.2,19996886944683.2,19692982017871.9,20581457194814.6
"Europe & Central Asia (excluding high income)","ECA","Adjusted net national income (constant 2015 US$)","NY.ADJ.NNTY.KD",NA,NA,NA,NA,NA,NA,NA,NA,NA,NA,NA,NA,NA,NA,NA,NA,NA,NA,NA,NA,NA,NA,NA,NA,NA,NA,NA,NA,NA,NA,NA,NA,NA,NA,NA,NA,NA,NA,NA,NA,NA,NA,NA,NA,NA,1260029653915.26,NA,NA,NA,NA,NA,NA
"Europe & Central Asia","ECS","Adjusted net national income (constant 2015 US$)","NY.ADJ.NNTY.KD",6525456168908.58,6729859094547.32,7033595255673.97,7399902799360.63,7343687401511.25,7322630359303.65,7610959283825.92,7779264025665.06,8095637515082.92,8327225224952.61,8304749166335.73,8201117204977.76,8277921471396.83,8455812197884.97,8659329237893.12,8891030298649.91,9355490112060.55,9649395455554.64,10079100546721,10407506066959.5,10723495389450.3,10901220718752.1,11070939502819.6,10907134758471.6,11168219302623.5,11425039173911,11723463715272.8,12132731848090.6,12571306466441.3,12989086515758.1,13469547504099.7,13751035804717.4,13916661464579.6,14187446741443.1,14680919243865.1,15088408280098.4,15632401621903.2,16184601078959.2,16078701321683.9,15325425050399.1,15841066424270.7,16098855583860.4,16093575414262.8,16189054663879.3,16510841136974.5,16849189685974.7,17158670056114.8,17627905830729.9,17978828889686.9,18258579381946.7,17100068002232,17974246965679.7
"Ecuador","ECU","Adjusted net national income (constant 2015 US$)","NY.ADJ.NNTY.KD",20665653994.3559,21869783117.9913,21881249619.7765,22811046608.5059,26287906307.1638,29987049133.7983,32093143629.5895,34220283397.8984,34885644778.3665,34409442672.4477,36079181648.4737,38864697057.687,38790436185.8678,35770022088.837,36311102510.5973,38965151842.5807,39000593090.105,38616485844.8162,35962027263.8542,35264288697.0119,38001158286.6029,43483650598.0155,45835237277.3618,42936711703.665,44732548294.839,44962515447.1439,45412483659.7757,49050650728.8933,50602219690.4966,44522380131.407,39972344872.1278,39062751963.7808,42646007286.6927,43923284312.2739,43656582331.9012,44724544558.5917,46870084407.4131,49719724112.0643,54157390395.8792,59603836377.6655,59417288833.0489,62422704000.6977,66712796727.7083,71796316242.3146,75304401356.5375,78963239412.9177,78309296375.2862,80223004745.5019,77833681887.7595,78448522542.8254,74493150846.6537,75290558295.3412
"Egypt, Arab Rep.","EGY","Adjusted net national income (constant 2015 US$)","NY.ADJ.NNTY.KD",49524411090.2798,50382337389.9162,51879903824.5248,53063288172.0293,48965576023.3504,47723124273.4491,53955540687.0897,54543519646.3434,51557344757.51,41627128108.2783,44138184580.4636,47826874947.1381,56081008261.1215,61222048160.0391,64850144529.7713,68117616006.8631,79717693532.7285,86198856539.6003,84521823304.5039,84963724506.5185,84908388514.5162,99497692975.481,108229038814.597,107896590137.614,114873771102.406,121233518160.012,129740891063.332,142727950848.502,139847911811.3,145880160382.913,155985825290.716,168286675085.975,170756576892.377,171739412492.752,174506636431.345,177994872648.718,193924096723.905,209606326800.431,218457277153.154,230671122854.269,239641374355.47,244719901951.936,257292850127.222,263968134159.461,272446497339.939,297126609667.339,312180699037.438,295463393569.655,305085186339.788,322097688577.461,338500444792.489,343746306570.315
"Euro area","EMU","Adjusted net national income (constant 2015 US$)","NY.ADJ.NNTY.KD",4013464906200.48,4156288105822.84,4358780712735.6,4597420067467.49,4620638038804.46,4582347681417.23,4794150025248.06,4928903418191.47,5131239640181.6,5297926842507.09,5288380559004.66,5213560673602.36,5252235163015.03,5347615620885.58,5467580412126.76,5608102018518.53,5900203790254.59,6081048756603.75,6360673102157.6,6598548829638.71,6843875862421.09,6991435429392.14,7096681702215.37,7029727873782.94,7195297429226.35,7389745909076.8,7529874255700.19,7740255716060.62,8004041913012.43,8243458044127.44,8448027563718.98,8609505341243.92,8666098910172.01,8732308794684.43,8956536350358.16,9069791775140.29,9351613813648.59,9614847863894.35,9496804892761.41,9119009776737.16,9272450736378.06,9362229280602.2,9245330924530.2,9256860443560.34,9419701374558.49,9656759673190.75,9915459830949.17,10145828708665.5,10323575378870.2,10460283696358.1,9654297736962.14,10206493699621.1
"Eritrea","ERI","Adjusted net national income (constant 2015 US$)","NY.ADJ.NNTY.KD",NA,NA,NA,NA,NA,NA,NA,NA,NA,NA,NA,NA,NA,NA,NA,NA,NA,NA,NA,NA,NA,NA,NA,NA,NA,NA,NA,NA,NA,NA,NA,NA,NA,NA,NA,NA,NA,NA,NA,NA,NA,NA,NA,NA,NA,NA,NA,NA,NA,NA,NA,NA
"Spain","ESP","Adjusted net national income (constant 2015 US$)","NY.ADJ.NNTY.KD",324354035271.114,342572849491.797,374960815139.123,405198427278.106,415032033608.646,418187406119.349,431933145821.472,444823006511.128,458467803676.625,459376372718.752,454435091100.753,441024369420.993,445192958438.805,447708440927.945,458955799157.981,476257341474.713,507126776312.547,538793596066.327,566715294771.521,599592804082.954,628141225821.933,650052087634.953,659378721549.26,651125975134.576,654587200654.787,684807766979.803,700360426291.158,726199310950.759,764274621061.337,797644150358.222,829018322151.616,859678924506.034,892037162060.201,923133887521.712,947013681820.477,974934876862.465,1007959093779.01,1038082807089.13,1033954361045.4,1011510017972.49,1005591299919.63,981221922507.484,956533692560.491,948023322065.054,962162759946.281,1008618635620.11,1044724355203.27,1074378604324.81,1099993340069.16,1121863674459.3,976485969167.164,1033835367469.03
"Estonia","EST","Adjusted net national income (constant 2015 US$)","NY.ADJ.NNTY.KD",NA,NA,NA,NA,NA,NA,NA,NA,NA,NA,NA,NA,NA,NA,NA,NA,NA,NA,NA,NA,NA,NA,NA,NA,NA,NA,NA,NA,NA,NA,9811922928.81343,10502882682.7302,11330109391.7611,12256955586.7022,13150492291.8965,14752793284.5475,16262600142.4719,17491129056.4403,16749449165.4419,14458642356.4996,14490350894.6382,15973050697.5977,16686176006.5608,17344121600.0748,18078563631.4755,18469479757.3469,19307108667.0559,20387705737.0594,21418379850.7624,22154126134.5175,21099336283.7868,22954105429.8648
"Ethiopia","ETH","Adjusted net national income (constant 2015 US$)","NY.ADJ.NNTY.KD",NA,NA,NA,NA,NA,NA,NA,NA,NA,NA,NA,NA,NA,NA,NA,NA,NA,NA,NA,NA,NA,NA,NA,NA,NA,NA,NA,NA,NA,NA,NA,NA,NA,NA,NA,NA,NA,NA,NA,NA,NA,30384257229.7232,33497528163.2927,37523453772.8821,42981071448.1398,49659215179.8291,59535336290.3309,62491272171.8969,67909402339.1439,77576988554.4006,87779802318.3809,87370706341.892
"European Union","EUU","Adjusted net national income (constant 2015 US$)","NY.ADJ.NNTY.KD",4541751245557.17,4696526982788.24,4919401722281.67,5187592724978.35,5205185770649,5176867359890.6,5409861017783.45,5546876354637.61,5766770874552.69,5951254273841.57,5938760089590.11,5855980851639.53,5898652995399.9,6005316089110.78,6149584397727.58,6306875136679.1,6638824768457.54,6838682993299.41,7137269431760.86,7392420340172.07,7652318497523.7,7798162174698.21,7901708119992.51,7823577497898.88,8031920605522.04,8257987274932.85,8420232950708.32,8648840969144.57,8950418540782.14,9216452455634.48,9452642457846.33,9634186889694.26,9714495682202.71,9812055312314.88,10084185637401.4,10252140640875.4,10599524848141.5,10920311568518.5,10840206210800.9,10418511638018.5,10604948240110.5,10723733249872.3,10615088289713.6,10648540585396.7,10863892383841.2,11164241687290.3,11462951206991.1,11762854285998,11997267424961.9,12201676449166.9,11364941384852.9,12001613298648.7
"Fragile and conflict affected situations","FCS","Adjusted net national income (constant 2015 US$)","NY.ADJ.NNTY.KD",NA,NA,NA,NA,NA,NA,NA,NA,NA,NA,NA,NA,NA,NA,NA,NA,NA,NA,NA,NA,NA,NA,NA,NA,NA,NA,NA,NA,NA,NA,NA,NA,NA,NA,NA,NA,NA,NA,NA,NA,NA,NA,NA,NA,NA,1398759685369.61,NA,NA,NA,NA,NA,NA
"Finland","FIN","Adjusted net national income (constant 2015 US$)","NY.ADJ.NNTY.KD",74267011332.0943,74933136773.7782,80351437738.7724,85653810197.1927,86236255573.3772,85233091909.917,86962923018.9015,85371857354.5939,88490041735.6082,95660937002.5085,97872155860.8469,99311363115.9856,102350754542.986,104790138582.256,109727894300.47,112916089703.357,117807948881.005,121651976521.897,129792685427.154,133499741014.981,130364393790.165,117123924334.704,110665056395.101,108839643779.129,116729115687.308,130431185598.701,134869501089.991,146356795924.834,156185215155.896,163507895301.987,170897267363.867,176578494675.172,178962421715.14,178254765258.818,186650552589.708,188386596760.527,194733283646.735,203610080256.949,201430334715.912,184467907436.77,190915708042.685,192954155959.456,188136744510.038,186802923763.072,188579997649.432,192298193179.646,197082164949.097,202638318274.542,206128956422.066,207635003407.281,205375868777.397,213496926817.292
"Fiji","FJI","Adjusted net national income (constant 2015 US$)","NY.ADJ.NNTY.KD",NA,NA,NA,NA,NA,NA,NA,NA,NA,NA,NA,NA,NA,NA,NA,NA,NA,NA,NA,NA,NA,NA,NA,NA,NA,NA,NA,NA,NA,NA,NA,NA,NA,NA,NA,NA,NA,NA,NA,NA,NA,NA,NA,NA,NA,3804874914.94509,NA,NA,NA,NA,NA,NA
"France","FRA","Adjusted net national income (constant 2015 US$)","NY.ADJ.NNTY.KD",797422416780.523,838788593398.102,876320767749.476,930333136639.313,937255476048.78,933954535515.624,970614510004.872,996848691923.729,1054587250546.33,1089158468060.57,1085716387307.73,1081294315876.89,1102324963977.21,1115245729233.81,1126195889117.11,1154033309312.7,1214552491343.69,1249223831270.03,1313960253306.98,1361794244879.25,1399672148162.51,1402064186755.92,1429166303655.22,1423065946872.4,1454652172814.33,1485641085741.27,1513183074934.03,1557847585677.89,1625757034319.85,1693731551495.83,1737969341812.52,1776340782834.93,1784089030727.72,1801120928155.72,1847949720090.74,1873430823030.49,1914580317896.71,1967873871969.41,1962098613886.64,1905922707753.93,1936947947011.16,1972537820757.35,1963018110580.09,1983695225701.98,2008911912149.56,2056919665082.46,2082537538255.8,2121365152902.58,2147476843027.61,2183305079377.54,1970724266461.1,2149321406347.39
"Faroe Islands","FRO","Adjusted net national income (constant 2015 US$)","NY.ADJ.NNTY.KD",NA,NA,NA,NA,NA,NA,NA,NA,NA,NA,NA,NA,NA,NA,NA,NA,NA,NA,NA,NA,NA,NA,NA,NA,NA,NA,NA,NA,NA,NA,NA,NA,NA,NA,NA,NA,NA,NA,NA,NA,NA,NA,NA,NA,NA,NA,NA,NA,NA,NA,NA,NA
"Micronesia, Fed. Sts.","FSM","Adjusted net national income (constant 2015 US$)","NY.ADJ.NNTY.KD",NA,NA,NA,NA,NA,NA,NA,NA,NA,NA,NA,NA,NA,NA,NA,NA,NA,NA,NA,NA,NA,NA,NA,NA,NA,NA,NA,NA,NA,NA,NA,NA,NA,NA,NA,NA,NA,NA,NA,NA,NA,NA,NA,NA,NA,356037213.970178,NA,NA,NA,NA,NA,NA
"Gabon","GAB","Adjusted net national income (constant 2015 US$)","NY.ADJ.NNTY.KD",1431328186.21147,1644106981.35525,1506512671.57994,1917322066.85916,2077997557.29755,2765258991.09322,4546604729.9933,3577862819.68729,2388727270.45261,1154819085.54197,3605227899.2896,5214537079.18692,5430502626.14715,5113287718.19414,4978131346.36478,4171146704.53151,3404538754.75063,2506815815.60865,3437340270.6991,3004350830.20549,2608991862.71404,3315408210.4283,2725399740.15621,2275126707.02336,2856717268.29216,2712887266.28452,3079702083.32454,3310295026.154,3641969859.19667,3557064809.0888,2916761334.77249,3710569764.4796,4126259999.30397,4194137998.63679,4146906178.77369,4654518748.68508,4541280416.20134,4560660703.51779,4879895644.70941,5072463381.07947,5271012249.40183,6083981679.01058,6810143547.70795,7676960491.37759,8892015002.6638,9341818786.98526,9455252845.901,9563657363.17067,12241350393.7638,13053195886.2093,12055422085.1355,12651404595.2136
"United Kingdom","GBR","Adjusted net national income (constant 2015 US$)","NY.ADJ.NNTY.KD",912659130070.499,926955814947.851,959982634354.286,997808119703.907,935581926467.089,943563343246.734,955826197502.443,961881383717.554,1009586289072.74,1020446537645.42,1005755628869.49,993871326177.617,1014725542013.24,1056178589994.73,1077136543347.42,1108946803550.81,1173455452447.53,1225017803462.64,1295664926121.45,1323096279440.87,1333288301256.02,1332427519988.34,1369283336974.21,1420573981808.1,1505030824250.51,1543109469315.88,1585856526982.07,1695270642906.4,1804340642744.11,1836857734002.79,1912565556611.08,1965989363051.53,2022733437648.39,2095075826589.53,2148040504566.97,2217321791170.72,2220563296662.02,2269442888017.38,2213529714583.52,2123202164005.69,2221390985965.05,2235726866485.33,2241934959453.2,2279531975055.44,2368879412596.41,2438018206075.44,2485579680919.28,2570410198062.07,2589460629166.7,NA,NA,NA
"Georgia","GEO","Adjusted net national income (constant 2015 US$)","NY.ADJ.NNTY.KD",NA,NA,NA,NA,NA,NA,NA,NA,NA,NA,NA,NA,NA,NA,NA,NA,NA,NA,NA,NA,NA,NA,NA,NA,NA,NA,NA,NA,NA,NA,NA,NA,NA,NA,NA,NA,NA,NA,NA,NA,9493390867.69491,10022512565.0089,10910546203.0105,11403143883.8357,12199775743.8321,12416573085.0577,12433049403.765,13432189098.6058,14421289340.6989,15073967313.1478,14479001617.8379,15509696821.4592
"Ghana","GHA","Adjusted net national income (constant 2015 US$)","NY.ADJ.NNTY.KD",NA,NA,NA,NA,NA,NA,NA,NA,NA,NA,NA,NA,NA,NA,NA,NA,NA,NA,NA,NA,NA,NA,NA,NA,NA,NA,NA,NA,NA,NA,NA,NA,NA,NA,NA,NA,24434322059.3591,26185996543.6805,28754182637.4396,27957511913.9326,29022719378.5018,31705801231.9338,35177417397.3569,40143795644.1924,38439331797.0852,38995841410.0269,41630132998.7345,43180864253.182,47280534845.9512,50524829740.0567,53778375035.5944,51907329188.4415
"Gibraltar","GIB","Adjusted net national income (constant 2015 US$)","NY.ADJ.NNTY.KD",NA,NA,NA,NA,NA,NA,NA,NA,NA,NA,NA,NA,NA,NA,NA,NA,NA,NA,NA,NA,NA,NA,NA,NA,NA,NA,NA,NA,NA,NA,NA,NA,NA,NA,NA,NA,NA,NA,NA,NA,NA,NA,NA,NA,NA,NA,NA,NA,NA,NA,NA,NA
"Guinea","GIN","Adjusted net national income (constant 2015 US$)","NY.ADJ.NNTY.KD",NA,NA,NA,NA,NA,NA,NA,NA,NA,NA,NA,NA,NA,NA,NA,NA,NA,NA,NA,NA,NA,NA,NA,NA,NA,NA,NA,NA,NA,NA,NA,NA,NA,NA,NA,NA,4685255802.08066,4936956050.42203,5127607026.88237,4786679197.7573,5557600785.21987,5778078339.04963,6381976572.81129,6390015580.19198,6613108614.52435,7078318096.35169,7583363100.3137,8653778416.65284,9300060488.27119,9961535469.26349,9287645442.68398,9300138765.65129
"Gambia, The","GMB","Adjusted net national income (constant 2015 US$)","NY.ADJ.NNTY.KD",NA,NA,NA,NA,NA,NA,NA,NA,NA,NA,NA,NA,NA,NA,NA,NA,NA,NA,NA,NA,NA,NA,NA,NA,NA,NA,NA,NA,NA,NA,NA,NA,NA,NA,862768611.121339,849198302.325168,875245486.671569,921730567.076978,928885587.000877,983990482.673316,1013804133.85947,917138794.100371,941798232.044364,969003656.637445,951212353.476913,1018306624.75767,1051691885.52918,1082791806.8032,1257887456.23225,1334363746.11463,1379156679.75206,1389506022.67172
"Guinea-Bissau","GNB","Adjusted net national income (constant 2015 US$)","NY.ADJ.NNTY.KD",NA,NA,NA,NA,NA,NA,NA,NA,NA,NA,NA,NA,NA,NA,NA,NA,NA,NA,NA,NA,NA,NA,NA,NA,NA,NA,NA,150614411.746164,95423310.3783471,155238342.218528,467845190.875598,487975182.837267,500898332.563922,441047258.853594,523669800.256498,528740266.100273,548387360.469326,549692486.214503,588550456.931682,568633096.504514,638076961.572718,758498269.333048,678735786.649042,670683062.618452,717335042.508452,812203403.909057,907200517.055999,967014932.823307,1016480801.38259,1067633961.7032,1006654996.52699,1097323082.94868
"Equatorial Guinea","GNQ","Adjusted net national income (constant 2015 US$)","NY.ADJ.NNTY.KD",NA,NA,NA,NA,NA,NA,NA,NA,NA,NA,NA,NA,NA,NA,NA,NA,NA,NA,NA,NA,NA,NA,NA,NA,NA,NA,NA,NA,NA,NA,NA,NA,NA,NA,NA,111502743.050645,4106194802.04422,5124838458.86742,6539215748.2846,4785302055.79257,2434198824.45198,4395844022.14707,4700719817.03603,5610535830.75316,5757343586.61734,5588954925.78089,4719512536.67109,4246981103.56071,4336405303.50012,3648883004.42111,3497464101.33853,4055271605.71963
"Greece","GRC","Adjusted net national income (constant 2015 US$)","NY.ADJ.NNTY.KD",NA,NA,NA,NA,NA,NA,NA,NA,NA,NA,NA,NA,NA,NA,NA,NA,NA,NA,NA,NA,NA,NA,NA,NA,NA,NA,NA,NA,NA,NA,NA,NA,NA,NA,NA,NA,215960530820.131,221043981764.032,217422370456.617,208714885490.637,192254150777.763,168270266144.345,161467076864.015,156644091771.539,160918456034.673,162793415616.62,162484944120.338,164834014700.143,165938854701.201,170375765856.174,153187043239.563,166235646213.8
"Grenada","GRD","Adjusted net national income (constant 2015 US$)","NY.ADJ.NNTY.KD",NA,NA,NA,NA,NA,NA,NA,NA,NA,NA,NA,NA,NA,NA,NA,NA,NA,NA,NA,NA,NA,NA,NA,NA,NA,NA,NA,NA,NA,NA,NA,NA,NA,NA,NA,NA,NA,NA,NA,NA,NA,NA,NA,NA,NA,NA,NA,NA,NA,NA,NA,NA
"Greenland","GRL","Adjusted net national income (constant 2015 US$)","NY.ADJ.NNTY.KD",NA,NA,NA,NA,NA,NA,NA,NA,NA,NA,NA,NA,NA,NA,NA,NA,NA,NA,NA,NA,NA,NA,NA,NA,NA,NA,NA,NA,NA,NA,NA,NA,NA,NA,NA,NA,NA,NA,NA,NA,NA,NA,NA,NA,NA,NA,NA,NA,NA,NA,NA,NA
"Guatemala","GTM","Adjusted net national income (constant 2015 US$)","NY.ADJ.NNTY.KD",NA,13763495682.3064,14557104750.0169,15665262450.54,15975956074.7655,16423542667.9944,17947267956.4681,20390805979.4798,20779300304.3251,21278374890.7622,21583517223.1565,21521033036.3353,20788093841.2145,20136873862.5002,20056444585.3662,19911148993.6588,20473670442.3316,20352607470.476,21420275076.4363,22330163962.8592,22620011211.5599,24320420698.4567,24899712974.3779,26251924215.7275,27438899678.6784,28974599467.5368,29375038153.6145,31016849234.8738,33027006697.1214,33874763148.212,34432559488.2328,34054877133.2972,34735273211.5098,35132478393.7767,35631355397.1834,36241613108.2418,37676065307.0494,39654324748.3804,40764028415.0775,41787238654.8526,42687654744.2102,44693396011.0722,46611672087.2061,48039396331.188,50105527677.2687,53549541409.7243,54959432374.3837,56521055379.1779,58439563761.6045,61840582792.2291,61760900279.7656,64046565941.5035
"Guam","GUM","Adjusted net national income (constant 2015 US$)","NY.ADJ.NNTY.KD",NA,NA,NA,NA,NA,NA,NA,NA,NA,NA,NA,NA,NA,NA,NA,NA,NA,NA,NA,NA,NA,NA,NA,NA,NA,NA,NA,NA,NA,NA,NA,NA,NA,NA,NA,NA,NA,NA,NA,NA,NA,NA,NA,NA,NA,NA,NA,NA,NA,NA,NA,NA
"Guyana","GUY","Adjusted net national income (constant 2015 US$)","NY.ADJ.NNTY.KD",NA,NA,NA,NA,NA,NA,NA,NA,NA,NA,NA,NA,NA,NA,NA,NA,NA,NA,NA,NA,NA,NA,NA,NA,NA,NA,NA,NA,NA,NA,NA,NA,NA,NA,NA,NA,NA,NA,NA,NA,NA,NA,NA,NA,NA,3873046274.89239,NA,NA,NA,NA,NA,NA
"High income","HIC","Adjusted net national income (constant 2015 US$)","NY.ADJ.NNTY.KD",13404393309472.9,13849062061128.9,14588850052997.6,15405327587015.8,15054082228758.7,15102736054319.1,15803638658553.8,16327886722737,17112800254953.7,17369517359132.9,17205706449261.7,17496288646252.8,17717839240198.9,18199868757564.1,19132782622596.7,19866241647126.5,20746584172183.9,21513933760878.7,22705804563956.1,23415549939613.7,24016466697590.1,24338377718284,24856527158251.7,24962520987429.8,25832139605543.6,26623655924375.4,27550853724343.9,28617890480201.8,29609205432435.5,30602300589948,31779168355845.3,32303089046493.2,32759812251100.5,33407682971666,34648207708146.4,35635211198598,36918587382956.2,37724209741390.2,37149803971961.7,35908786560076.7,37466182798489.4,38233379946522.4,38974460038525.9,39490424919154.1,40438769372685,41423339099151.6,42064880241426,43243785614147.5,44201286541139.7,44898843369082.8,42609364724123.5,44625753456290
"Hong Kong SAR, China","HKG","Adjusted net national income (constant 2015 US$)","NY.ADJ.NNTY.KD",NA,NA,NA,NA,NA,NA,NA,NA,NA,NA,NA,NA,NA,NA,NA,NA,NA,NA,NA,NA,NA,NA,NA,NA,NA,NA,NA,NA,NA,NA,NA,NA,NA,NA,NA,NA,NA,NA,NA,NA,NA,NA,NA,NA,NA,NA,NA,NA,NA,NA,NA,NA
"Honduras","HND","Adjusted net national income (constant 2015 US$)","NY.ADJ.NNTY.KD",NA,426668907.543098,466802642.420593,469472578.131297,487415708.586058,522133075.075356,631643160.403265,679466064.367406,1109881994.13094,1269760395.07539,1344964912.62387,1442976654.01981,1565738062.0426,1719977446.01287,1771456127.3313,1917824591.9833,1984750554.01819,2060407298.20917,2098502340.23648,2333831448.84994,2990454213.55967,3442566580.15124,3584287133.97235,4026431953.20246,4719633189.04334,6415063877.11598,7725310839.9826,9236743596.91787,10059189682.5497,10061946570.7174,11175750191.946,11362663996.0673,11606015088.172,11908978703.5731,12334015786.1265,12961769335.0019,13571092609.5798,14560122490.8503,14759452760.0198,14935018351.3412,14934604470.6371,16000344566.5846,16174594301.0991,16123831782.4072,16782270189.1052,18441270584.1341,19090430993.8691,20357246958.9656,20208314523.6844,20935576796.0393,20324119189.9078,21748837969.7028
"Heavily indebted poor countries (HIPC)","HPC","Adjusted net national income (constant 2015 US$)","NY.ADJ.NNTY.KD",NA,NA,NA,NA,NA,NA,NA,NA,NA,NA,NA,NA,NA,NA,NA,NA,NA,NA,NA,NA,NA,NA,NA,NA,NA,NA,NA,NA,NA,NA,NA,NA,NA,NA,NA,NA,NA,NA,378860851296.152,396757965131.422,416181995311.445,427677854430.049,454470392678.123,489693422317.83,538514544746.938,575088900831.254,616925958786.128,641110563972.198,683655225684.52,726096428282.649,737903941978.329,741660930910.758
"Croatia","HRV","Adjusted net national income (constant 2015 US$)","NY.ADJ.NNTY.KD",NA,NA,NA,NA,NA,NA,NA,NA,NA,NA,NA,NA,NA,NA,NA,NA,NA,NA,NA,NA,NA,NA,NA,NA,NA,25511543234.9181,27479305825.7098,29550467202.162,30615547856.7357,29433140182.8167,29757198452.3508,30728192402.4074,33662745446.3982,34391061492.7681,37092604494.9956,40259066595.6986,42330079501.0607,44720944391.6005,45767927739.9455,41345261862.4055,41486214036.1207,40757578046.4383,39334854914.4548,39785220639.3699,39614358423.2211,42022305888.2797,43112419120.6469,45790822308.6014,47679649339.0003,49504816420.4213,44245757640.5213,48798812351.5928
"Haiti","HTI","Adjusted net national income (constant 2015 US$)","NY.ADJ.NNTY.KD",NA,NA,NA,NA,NA,NA,NA,NA,NA,NA,NA,NA,NA,NA,NA,NA,NA,NA,6707872909.5206,6370565278.37344,6370863632.4945,6448665065.70753,6252024165.70968,6061691506.79129,5832782116.61459,7050860562.21285,8141550216.95565,8551694025.44355,8682106330.33869,7321632639.34863,11631224853.858,11357811497.1968,11174776941.4554,10599294867.2939,11063261808.5255,11409273398.7237,11512724907.64,12388048765.6319,12389313878.0515,13433953247.3381,12270233468.7732,12460037392.9588,12556918395.307,13432158417.6591,13574764530.2051,14263278676.8635,14790605389.0015,15342392035.271,15531239146.3071,15368764056.9524,14497294824.8049,14320707427.9212
"Hungary","HUN","Adjusted net national income (constant 2015 US$)","NY.ADJ.NNTY.KD",NA,NA,NA,NA,NA,NA,NA,NA,NA,NA,NA,NA,NA,NA,NA,NA,NA,NA,NA,NA,NA,NA,NA,60777881535.7012,62928904507.0817,61353466850.2048,60556462601.6418,62566824733.7919,66197797586.5994,67146894084.0637,69942354075.4643,73874574162.7433,79729360173.9177,83440307608.1931,88469968495.9176,91134600554.1479,93362252842.17,92050253119.5224,93273546205.6084,87277041240.309,87879456995.1445,88235897108.526,86609096819.724,90630696438.9234,94205672869.4348,98263129323.9061,103439136659.576,105916619826.294,111457542956.993,118910917396.25,113507925518.9,117232849617.334
"IBRD only","IBD","Adjusted net national income (constant 2015 US$)","NY.ADJ.NNTY.KD",NA,NA,NA,NA,NA,NA,NA,NA,NA,NA,NA,NA,NA,NA,NA,NA,NA,NA,NA,NA,NA,NA,NA,NA,NA,7308393939476.31,7335728656354.01,7647830430438.61,7321098323641.45,7438528175795.82,7698646902755.55,7951288315926.82,8961258378350.41,8980275551171.24,10078474549122.6,10750900052362.1,11952043977850.2,13764350330690.1,14370124043246.6,14969483026226.3,16150480082448.9,16900985304713.6,17903822260130.5,18665413261757.8,19557875919763,20326512835946.2,21224099541511.3,22414311660098.4,23104564370876.5,23860953670283.4,23279882757558.9,24637553701857.9
"IDA & IBRD total","IBT","Adjusted net national income (constant 2015 US$)","NY.ADJ.NNTY.KD",NA,NA,NA,NA,NA,NA,NA,NA,NA,NA,NA,NA,NA,NA,NA,NA,NA,NA,NA,NA,NA,NA,NA,NA,NA,8025980394016.69,8073073566566.29,8414687503758.51,8093872379855.76,8236515853897.37,8496578356888.68,8774046644649.81,9843950089390,9884905254343.76,11067465810071.1,11807653644723.5,13107500688451.3,15025128385219.7,15681011097440.4,16348784006770.7,17613973792748.6,18424616583154,19516186818795.9,20358674606357.5,21353366975723.1,22201154190621.2,23246398612176.7,24530466915999.1,25341436351271.6,26213878740612.8,25628689654700.9,27099136600558.5
"IDA total","IDA","Adjusted net national income (constant 2015 US$)","NY.ADJ.NNTY.KD",NA,NA,NA,NA,NA,NA,NA,NA,NA,NA,NA,NA,NA,NA,NA,NA,NA,NA,NA,NA,NA,NA,NA,NA,NA,NA,NA,NA,NA,NA,NA,NA,NA,NA,NA,NA,NA,NA,NA,NA,NA,NA,NA,NA,NA,1872854645912.65,NA,NA,NA,NA,NA,NA
"IDA blend","IDB","Adjusted net national income (constant 2015 US$)","NY.ADJ.NNTY.KD",NA,NA,NA,NA,NA,NA,NA,NA,NA,NA,NA,NA,NA,NA,NA,NA,NA,NA,NA,NA,NA,NA,NA,NA,NA,NA,NA,NA,NA,NA,NA,NA,NA,NA,NA,NA,NA,NA,NA,NA,NA,NA,NA,NA,NA,935016094464.804,NA,NA,NA,NA,NA,NA
"Indonesia","IDN","Adjusted net national income (constant 2015 US$)","NY.ADJ.NNTY.KD",51335236004.4568,55846461980.8758,59107899390.7878,65046154423.9771,70591549287.4532,73414188016.5888,79228350458.1159,87542453087.4021,95709922468.2291,98694815250.968,124230476040.492,145141067304.05,155312244117.296,506312079815.114,742031647249.531,1047615465513.62,1006707464036.78,847935201720.531,334048036754.206,379519525099.949,600719364251.394,479759534245.367,544822463206.536,766865729658.488,996179287009.28,1049501936186.84,622964607755.362,552762018248.494,38469984480.9855,-103120252388.562,-286617672761.934,-376592410592.522,110563442214.022,-387974571794.429,-45521651457.6883,-152378761797.715,-73843452559.5588,408743014134.448,402693214432.005,499320240596.94,511048105442.153,537529153253.841,567293184267.966,599710284474.686,622973417911.543,663588563945.298,711617026479.15,739147103273.094,766434864074.6,789536566438.524,767899038429.609,809111213925.288
"IDA only","IDX","Adjusted net national income (constant 2015 US$)","NY.ADJ.NNTY.KD",NA,NA,NA,NA,NA,NA,NA,NA,NA,NA,NA,NA,NA,NA,NA,NA,NA,NA,NA,NA,NA,NA,NA,NA,NA,NA,NA,NA,NA,NA,NA,NA,NA,NA,NA,NA,NA,NA,NA,NA,NA,756886988967.293,810572355183.057,857131007384.247,902078332990.136,937977606909.388,998882717456.46,1055346586541.17,1122957856981.91,1213787142638.11,1234061707251.37,1266744446652.98
"Isle of Man","IMN","Adjusted net national income (constant 2015 US$)","NY.ADJ.NNTY.KD",NA,NA,NA,NA,NA,NA,NA,NA,NA,NA,NA,NA,NA,NA,NA,NA,NA,NA,NA,NA,NA,NA,NA,NA,NA,NA,NA,NA,NA,NA,NA,NA,NA,NA,NA,NA,NA,NA,NA,NA,NA,NA,NA,NA,NA,NA,NA,NA,NA,NA,NA,NA
"India","IND","Adjusted net national income (constant 2015 US$)","NY.ADJ.NNTY.KD",175019451964.85,177481008629.015,177021440133.922,190420429752.297,176281760754.63,189080315774.696,204299595606.339,216621129496.662,231420498928.043,221748370624.221,247721015400.836,241226670691.037,245921144920.758,274385349854.319,279086050116.178,286865880467.097,298775926228.794,319015258312.778,346056346155.949,367506010811.369,396017475168.589,393026728174.294,409337558218.452,450206612296.022,475492530649.483,498312656346.093,560726937823.909,579430359246.991,619826509665.302,636369350083.951,671417349956.621,678646952179.526,712408644840.405,780940307511.533,851117901366.853,923575949310.861,1000377276254.44,1082524662564.06,1112354428448.32,1222057113030.57,1341814777132.06,1405479731093.6,1491005886573.94,1583623431103.04,1686139324210.43,1839197893355,1977034406210.3,2150150346923.16,2277297764903.76,2340624132473.68,2180003200143.48,2408252466429.5
"Not classified","INX","Adjusted net national income (constant 2015 US$)","NY.ADJ.NNTY.KD",NA,NA,NA,NA,NA,NA,NA,NA,NA,NA,NA,NA,NA,NA,NA,NA,NA,NA,NA,NA,NA,NA,NA,NA,NA,NA,NA,NA,NA,NA,NA,NA,NA,NA,NA,NA,NA,NA,NA,NA,NA,NA,NA,NA,NA,NA,NA,NA,NA,NA,NA,NA
"Ireland","IRL","Adjusted net national income (constant 2015 US$)","NY.ADJ.NNTY.KD",35020265604.0683,36568001740.1356,40161234472.8806,42803899514.2619,40435916304.1477,42601140171.5331,43578742527.2979,45832711882.5449,48296798923.2833,48523743360.8697,47834805521.7395,49170427089.5108,49782802533.2005,49915847233.0184,50796291224.3429,51734856075.1365,53161380319.8401,54758709489.4979,56448413922.1684,59323122692.7598,63312871651.7141,63546550891.855,64280512112.8342,67366258411.9483,70713146311.6339,76319646327.3557,82015606255.7575,89875230663.1194,98335893177.9942,104494920068.051,114866098864.032,119513528710.478,123812740935.16,130043042231.026,133633026177.7,140954574949.943,147041335602.645,152945895559.03,147108509094.636,133894334119.992,136171629731.581,134327017864.72,133555083573.045,141617048531.603,152643856943.284,160914274683.976,170050143969.466,175275788438.011,182084789319.258,191724266620.233,181646937035.875,212979414814.444
"Iran, Islamic Rep.","IRN","Adjusted net national income (constant 2015 US$)","NY.ADJ.NNTY.KD",NA,NA,NA,NA,NA,NA,NA,NA,NA,NA,NA,NA,NA,NA,NA,NA,NA,NA,NA,NA,NA,NA,NA,174548793737.954,167245457593.126,169726684155.385,188841741845.781,193148494280.955,194276622098.906,211865748149.161,214246684427.053,244684332860.595,292200173422.744,318355660058.77,329438003606.109,357460167386.643,374039836767.689,431187459549.45,427920683460.228,437753734149.513,481921596820.242,488145207878.709,432864355934.917,410005911608.695,409916680107.78,324877789259.7,374192043173.502,384402047060.79,270511989745.928,254180052080.372,271344151744.594,310970645430.157
"Iraq","IRQ","Adjusted net national income (constant 2015 US$)","NY.ADJ.NNTY.KD",NA,NA,NA,NA,NA,NA,NA,NA,NA,NA,NA,NA,NA,NA,NA,NA,NA,NA,NA,NA,NA,NA,NA,NA,NA,NA,NA,NA,NA,NA,NA,NA,NA,NA,NA,NA,NA,91948453732.0668,118643145330.069,100927595962.754,116113800777.579,134577941066.353,153900057948.213,162770493364.724,156175178523.096,131643914229.522,129183780267.782,137796156941.892,154772181196.931,166253165885.567,134052008172.538,162539710677.172
"Iceland","ISL","Adjusted net national income (constant 2015 US$)","NY.ADJ.NNTY.KD",NA,NA,NA,NA,NA,NA,NA,NA,NA,NA,NA,NA,NA,NA,NA,NA,NA,NA,NA,NA,NA,NA,NA,NA,NA,NA,NA,NA,NA,NA,NA,NA,NA,NA,NA,NA,NA,NA,NA,NA,NA,10464242735.3945,10853299476.1072,12504586558.0265,12950964013.3143,13982660974.777,14937553118.0287,15638851454.0066,15599732182.0116,16910242691.7291,15139839857.8572,15574538045.7985
"Israel","ISR","Adjusted net national income (constant 2015 US$)","NY.ADJ.NNTY.KD",NA,NA,NA,NA,NA,NA,NA,NA,NA,NA,NA,NA,NA,NA,NA,NA,NA,NA,NA,NA,NA,NA,NA,NA,NA,115602226082.103,122917521810.415,128212624077.994,134362865244.689,136831046320.651,145736924488.213,148898948045.574,147459169492.689,148538676291.011,155068050104.533,164092622682.285,174894486856.735,185526548032.817,186678836251.88,191951317708.67,204816128406.919,215487199807.847,219039914233.435,232255563607.226,245196281207.761,255274291176.076,269224446365.271,282544571499.564,292141838688.621,306560735874.921,297897462157.005,323974096274.377
"Italy","ITA","Adjusted net national income (constant 2015 US$)","NY.ADJ.NNTY.KD",810409044622.325,825791243675.26,854446271606.284,885200626656.69,895319912304.29,882874507659.195,929399039747.971,957280106955.867,1000983968067.29,1059191232639.46,1066171211808.71,1048484465413.52,1060906416523.77,1083422536164.65,1108855125540.08,1139363051291.61,1197247625274.27,1240608652211.27,1289542479645.58,1327225470848.48,1355691065649.16,1379694142720.07,1381575475856.21,1351502926236.62,1372941190970.72,1409334193641.74,1440440887376.21,1476840251351.77,1512033404336.42,1541585213579.32,1573324002959,1609256868431.17,1609884784545.73,1612140052775.31,1634572248962.49,1636576294926.45,1653790578487.73,1674475403781.42,1618488671448.48,1551464038985.94,1552176760680.18,1546132084976.14,1484505417935.43,1462040654004.02,1478188756511.86,1490060330951.33,1544392186224.56,1569825042724.18,1592384917071.47,1595743344760.11,1445043515429.26,1534614589892.66
"Jamaica","JAM","Adjusted net national income (constant 2015 US$)","NY.ADJ.NNTY.KD",NA,NA,NA,NA,NA,NA,NA,NA,NA,NA,NA,NA,NA,NA,NA,NA,NA,NA,NA,NA,NA,NA,NA,NA,NA,NA,NA,NA,NA,NA,NA,NA,NA,NA,NA,NA,NA,NA,NA,NA,NA,NA,NA,NA,NA,12617329169.7042,NA,NA,NA,NA,NA,NA
"Jordan","JOR","Adjusted net national income (constant 2015 US$)","NY.ADJ.NNTY.KD",NA,NA,NA,NA,NA,NA,NA,NA,NA,NA,NA,NA,NA,NA,NA,NA,NA,NA,NA,NA,NA,NA,NA,NA,NA,NA,NA,NA,NA,NA,NA,NA,NA,NA,NA,NA,NA,NA,NA,NA,NA,NA,NA,NA,NA,35475271836.3985,NA,NA,NA,NA,NA,NA
"Japan","JPN","Adjusted net national income (constant 2015 US$)","NY.ADJ.NNTY.KD",1273368307729.74,1346621974524.97,1452078589725.04,1554120076428.55,1508721343121.9,1574175556912.35,1652568374917.43,1733247294093.41,1846009642976.29,1900294031805.25,1903661851088.64,1965817158779.6,2026299654260.06,2080889073000.14,2180714467839.51,2316904304807.27,2416620215053.59,2512229560913.13,2698310287385.55,2818816015532.38,2952343679388.63,3023146392244.36,3017815749443.55,2990535989285.09,3060111912756.75,3156325773207.78,3264860891493.26,3267204122224.16,3206445980706.24,3177415354136.62,3264499096165.47,3280905249868.17,3265658611875.23,3318429778344.21,3398787052085.54,3442215606356.35,3459289644578,3496495597552.74,3332660942494.24,3137900050656,3293395819647.96,3268683467383.41,3319949022781.11,3409539695046.55,3421777812296.53,3560749861428.92,3610591160080.92,3661083668818.67,3647555923975,3633872742322.55,3438849727273.82,3395622040213.52
"Kazakhstan","KAZ","Adjusted net national income (constant 2015 US$)","NY.ADJ.NNTY.KD",NA,NA,NA,NA,NA,NA,NA,NA,NA,NA,NA,NA,NA,NA,NA,NA,NA,NA,NA,NA,NA,NA,NA,NA,NA,NA,NA,NA,NA,32483234177.9182,29887519381.1625,36655824826.6003,38794236540.6572,44511412576.5296,47883678846.1352,51364830037.4151,61164649457.518,79198690776.9164,82400675337.547,84939600634.2088,94966146226.6804,108531484587.151,116850160287.499,129904094938.975,136629508585.905,141739172226.866,138800675827.227,143642007921.716,144356154579.167,153910477690.738,155790737277.844,146357025692.001
"Kenya","KEN","Adjusted net national income (constant 2015 US$)","NY.ADJ.NNTY.KD",NA,10203413606.3792,11494679191.8623,11033059309.1707,11545574422.6592,11092037742.6225,11484953132.3448,13372414730.5822,13776929053.6075,14689997829.2518,14742658924.5299,14549081592.8701,13771077584.6989,14524716712.5328,15350859836.2591,15345499067.1082,17135336756.8418,17762791788.9893,18747971765.971,18722659642.8506,19326285963.2092,20222020908.1853,20181638077.4558,20568646765.5198,22477787975.3933,22888374045.7685,24435093380.251,25364823247.066,26407717661.5234,27145638573.8478,27164014478.6849,27695016996.5286,27880117574.4098,28017788149.9462,29648541230.2853,32094896666.9286,36698579469.7727,38479131011.5131,39319224262.8405,38502559163.934,40856534272.5388,42135224119.3979,45253486796.7394,46589045325.4405,48539356096.3164,52755240541.7926,61741451210.1376,63645050210.2407,68023643465.8535,72472507017.0461,72147160040.2934,79257117270.7352
"Kyrgyz Republic","KGZ","Adjusted net national income (constant 2015 US$)","NY.ADJ.NNTY.KD",NA,NA,NA,NA,NA,NA,NA,NA,NA,NA,NA,NA,NA,NA,NA,NA,NA,NA,NA,NA,NA,NA,NA,NA,NA,NA,NA,NA,NA,NA,NA,NA,NA,NA,NA,NA,NA,NA,NA,NA,4104606432.66556,4332714499.56774,4815225225.82482,4684755012.43251,4919651754.71254,5058924142.02665,5715254307.94784,5992699720.77595,6627399012.66308,6061006726.06348,6158654594.51047,5826663778.77029
"Cambodia","KHM","Adjusted net national income (constant 2015 US$)","NY.ADJ.NNTY.KD",NA,NA,NA,NA,NA,NA,NA,NA,NA,NA,NA,NA,NA,NA,NA,NA,NA,NA,NA,NA,NA,NA,NA,NA,NA,4669385427.32319,4896509090.08518,5306247870.14091,5379586199.63916,6018375915.62113,6173318798.80347,6494978503.70752,6893311362.16296,7213163863.68552,7533400040.27311,8327755373.75586,9062182071.96594,9932764552.66046,11440733703.6599,10947835857.8049,11710374289.5818,12552093538.2759,13423260426.318,14010472640.9805,14472128681.7365,15523898757.4343,16751662546.5581,18251656316.0017,19637200996.2003,21534470762.4541,22142156897.1968,21927048933.8355
"Kiribati","KIR","Adjusted net national income (constant 2015 US$)","NY.ADJ.NNTY.KD",NA,NA,NA,NA,NA,NA,NA,NA,NA,NA,NA,NA,NA,NA,NA,NA,NA,NA,NA,NA,NA,NA,NA,NA,NA,NA,NA,NA,NA,NA,NA,NA,NA,NA,NA,NA,179604158.694977,191934798.491629,188449030.286583,173009280.938582,182424233.523188,178306727.640854,204496835.030523,233613188.413075,272698800.475935,337864889.112038,305839572.760564,334202892.838293,339848866.954236,379767672.23365,335000961.376352,320364192.970758
"St. Kitts and Nevis","KNA","Adjusted net national income (constant 2015 US$)","NY.ADJ.NNTY.KD",NA,NA,NA,NA,NA,NA,NA,NA,NA,NA,NA,NA,NA,NA,NA,NA,NA,NA,NA,NA,NA,NA,NA,NA,NA,NA,NA,NA,NA,NA,NA,NA,NA,NA,NA,NA,NA,NA,NA,NA,NA,NA,NA,NA,NA,NA,NA,NA,NA,NA,NA,NA
"Korea, Rep.","KOR","Adjusted net national income (constant 2015 US$)","NY.ADJ.NNTY.KD",NA,81602388633.4706,88088348396.8797,98038417975.822,101905537011.266,107549494669.908,125252579840.43,139458115868.273,155695962056.137,165337026489.883,154795993295.4,163566244917.544,177865338875.989,201448596406.431,222974820481.848,236263279556.414,266798963658.778,303742359006.972,339579223794.712,367017678370.12,397701951002.947,440528338131.056,464990281025.707,497589533484.132,544275122066.463,582532641929.141,617382034495.453,640877035568.439,587080660001.447,648257317393.561,692702512640.456,719115369724.273,787250178555.474,804231137989.465,838667094623.628,855675690808.673,888711973988.198,940793871728.445,931507866029.081,946253579209.51,1023320655650.22,1035644062770.31,1060006295646.98,1097001705132.93,1128462143755.24,1196351007080.23,1244584409685.55,1287421704093.16,1301553360860.84,1291875823493.21,1277191457287.58,1311539650344.66
"Kuwait","KWT","Adjusted net national income (constant 2015 US$)","NY.ADJ.NNTY.KD",NA,NA,NA,NA,NA,NA,NA,NA,NA,NA,NA,NA,NA,NA,NA,NA,NA,NA,NA,NA,NA,NA,NA,NA,NA,NA,NA,NA,NA,NA,NA,NA,NA,NA,NA,NA,NA,NA,NA,NA,114328405768.802,134695461253.672,147383444383.87,148200119431.495,140934644484.648,106646071205.125,101340470077.282,113943350458.688,123781345837.063,122763746381.031,NA,NA
"Latin America & Caribbean (excluding high income)","LAC","Adjusted net national income (constant 2015 US$)","NY.ADJ.NNTY.KD",963015633099.825,1043706147898.48,1123296710958.29,1237730773432.56,1303935001062.51,1345155869292.75,1422512125909.39,1478991082221.42,1443212429331.34,1606574464882.3,1724161791075.23,1729235387233.45,1675023059391.56,1575530941831.03,1567973885510.27,1594678735457.03,1636240235940.07,1660453508115.49,1662788663670.72,1733033425756.03,1788549611012.54,1898405663737.97,1963453035671.85,2013602014961.33,2143945958730.82,2155085188008.48,2253499792794.2,2381972727136.15,2413245682516.91,2380898423941.76,2447627149205.64,2451047806010.96,2459940626722.32,2488186519304.01,2594836326832.8,2656703739033.19,2867480095402.68,3047112752107.91,3133446499633.92,3060828592509.89,3260793364084.95,3397337727513.7,3426235707394.8,3543279936618.44,3585136479855.17,3611293045747.3,3586867668803.1,3705602292988.07,3716180285848.02,3753561577637.07,3510952569944.99,3647185174106.75
"Lao PDR","LAO","Adjusted net national income (constant 2015 US$)","NY.ADJ.NNTY.KD",NA,NA,NA,NA,NA,NA,NA,NA,NA,NA,NA,NA,NA,NA,NA,NA,NA,NA,NA,NA,NA,NA,NA,NA,NA,NA,NA,NA,NA,NA,2968924653.13405,3481577864.35353,3822663202.85636,3852173097.72921,4388763743.68778,4963518202.27746,5450254598.13732,5813276198.00202,6007230346.2748,6751662984.99605,6782056923.52,7874937610.69229,8593896638.13468,9426682408.74376,10510964985.0407,11176611403.549,12700305431.5881,NA,NA,NA,NA,NA
"Lebanon","LBN","Adjusted net national income (constant 2015 US$)","NY.ADJ.NNTY.KD",NA,NA,NA,NA,NA,NA,NA,NA,NA,NA,NA,NA,NA,NA,NA,NA,NA,NA,NA,NA,6705937790.9746,8988380435.64654,12247710404.1675,14187936055.3778,16157668227.4387,17561354139.3989,19454897575.8884,19037500130.3668,20804816201.424,21502044923.5873,21928908097.759,21930761180.7526,22742550349.3995,19649433109.0802,24295215029.5411,24819589670.3917,24750435861.0154,27397548918.6868,28862604657.5521,33865591422.5644,35050078035.3419,32771231942.4823,34592251981.0227,36263341460.1017,37509225035.7486,40518060272.8648,42834649390.3997,43680843261.3375,41623875654.7522,38633877498.2326,28745825153.1289,24088247157.3159
"Liberia","LBR","Adjusted net national income (constant 2015 US$)","NY.ADJ.NNTY.KD",NA,NA,NA,NA,NA,NA,NA,NA,NA,NA,NA,NA,NA,NA,NA,NA,NA,NA,NA,NA,NA,NA,NA,NA,NA,NA,NA,NA,NA,NA,NA,NA,NA,NA,NA,NA,NA,NA,NA,NA,NA,NA,NA,NA,NA,1766498356.38517,NA,NA,NA,NA,NA,NA
"Libya","LBY","Adjusted net national income (constant 2015 US$)","NY.ADJ.NNTY.KD",NA,NA,NA,NA,NA,NA,NA,NA,NA,NA,NA,NA,NA,NA,NA,NA,NA,NA,NA,NA,NA,NA,NA,NA,NA,NA,NA,NA,NA,NA,NA,NA,NA,NA,NA,NA,NA,NA,NA,NA,65549240500.4605,43538630442.2294,66448900058.8257,57913067319.1475,48566424027.018,43432275737.9457,38110121804.0979,41795309424.3924,42914167600.8615,35492946576.5037,40049152182.7387,52681191897.584
"St. Lucia","LCA","Adjusted net national income (constant 2015 US$)","NY.ADJ.NNTY.KD",NA,NA,NA,NA,NA,NA,NA,NA,NA,NA,NA,NA,NA,NA,NA,NA,NA,NA,NA,NA,NA,NA,NA,NA,NA,NA,NA,NA,NA,NA,NA,NA,NA,NA,NA,NA,NA,NA,NA,NA,NA,NA,NA,NA,NA,1324575104.87905,NA,NA,NA,NA,NA,NA
"Latin America & Caribbean","LCN","Adjusted net national income (constant 2015 US$)","NY.ADJ.NNTY.KD",1108137476119.34,1202568736928.33,1289794416236.01,1410409460730.01,1477957984579.33,1516745711117.77,1604991218270.66,1671978127827.61,1637556655543.17,1819979278545.52,1950144495261.37,1957507042828.91,1898471234087.5,1774210726345.34,1765782848112.98,1794933269116.68,1848113451830.09,1880959042697.13,1888226217192.46,1968823665533.8,2030759661729.13,2157481695797.51,2240221662662.67,2301807795725.93,2452441565999.61,2476311487576.63,2591513586157.31,2741436491958.3,2786549937604.45,2750813830140.43,2826363177804.12,2833622569621.25,2847262959629.09,2882574266846.05,3006572494966.39,3089474909908.37,3326277904729.07,3539335770973.16,3641071511285.61,3571315273182.89,3810244857923.75,3970421423377.47,4025177307971.89,4167684229629.4,4219317622387.19,4267588721556.62,4252232879489.62,4387161101326.57,4400973365168.4,4451706543343.47,4149473511615.44,4318504259748.73
"Least developed countries: UN classification","LDC","Adjusted net national income (constant 2015 US$)","NY.ADJ.NNTY.KD",NA,NA,NA,NA,NA,NA,NA,NA,NA,NA,NA,NA,NA,NA,NA,NA,NA,NA,NA,NA,NA,NA,NA,NA,NA,NA,NA,NA,NA,NA,NA,NA,NA,NA,NA,NA,NA,NA,NA,NA,626704034557.448,658000959518.328,707653589827.063,753987249408.482,796042022590.949,814443052203.622,855390459179.143,898054775609.621,965984879602.228,1048906512444.74,1083233198095.29,1115530850607.26
"Low income","LIC","Adjusted net national income (constant 2015 US$)","NY.ADJ.NNTY.KD",NA,NA,NA,NA,NA,NA,NA,NA,NA,NA,NA,NA,NA,NA,NA,NA,NA,NA,NA,NA,NA,NA,NA,NA,NA,NA,NA,NA,NA,NA,NA,NA,NA,NA,NA,NA,NA,NA,NA,NA,NA,NA,NA,NA,NA,316268751353.338,NA,NA,NA,NA,NA,NA
"Liechtenstein","LIE","Adjusted net national income (constant 2015 US$)","NY.ADJ.NNTY.KD",NA,NA,NA,NA,NA,NA,NA,NA,NA,NA,NA,NA,NA,NA,NA,NA,NA,NA,NA,NA,NA,NA,NA,NA,NA,NA,NA,NA,NA,NA,NA,NA,NA,NA,NA,NA,NA,NA,NA,NA,NA,NA,NA,NA,NA,NA,NA,NA,NA,NA,NA,NA
"Sri Lanka","LKA","Adjusted net national income (constant 2015 US$)","NY.ADJ.NNTY.KD",NA,NA,NA,NA,NA,NA,NA,NA,NA,NA,NA,NA,NA,NA,NA,NA,NA,NA,NA,NA,NA,NA,NA,NA,NA,NA,NA,NA,NA,NA,NA,NA,NA,NA,NA,NA,NA,NA,NA,NA,NA,NA,NA,NA,NA,77120577630.7356,81564994317.8322,86497300330.6055,88129169888.6804,87447073664.9659,84716367394.8283,86195237517.4306
"Lower middle income","LMC","Adjusted net national income (constant 2015 US$)","NY.ADJ.NNTY.KD",NA,NA,NA,NA,NA,NA,NA,NA,NA,NA,NA,NA,NA,NA,NA,NA,957128473796.921,1014440732396.5,1072403045408.04,1112352020639.48,1174498363468.01,1207190635129.13,1257814017700.78,1322582767451.45,1396661198268.9,1463825182383.33,1594185423949.76,1662849066997,1763452468447.65,1821016206299.92,1865541034550.51,1919847189725.4,1994367877325.44,2118733305682.08,2259487792042.1,2414925784604.61,2602925565055.46,2770951636865.14,2863426723624.07,3090947801883.59,3338671814544.36,3484760430912.78,3689680398402.71,3915664695349.65,4155936139906.02,4464716890241.08,4796356429019.12,5072108785514.57,5375813606396.91,5579473384303.07,5366110380023.64,5716244371484.74
"Low & middle income","LMY","Adjusted net national income (constant 2015 US$)","NY.ADJ.NNTY.KD",NA,NA,NA,NA,NA,NA,NA,NA,NA,NA,NA,NA,NA,NA,NA,NA,NA,NA,NA,NA,NA,NA,NA,NA,NA,7210494723346.84,7159958302538.35,7465747898264.44,7140107088350.84,7191015283520.36,7314760845551.48,7560238911031.4,8594156278475.97,8572810649667.36,9614873003669.28,10222102610421.3,11370500029649.2,13082178403950.9,13628612531869.9,14501200819287.6,15611599597246.3,16283460787859.2,17293151121039.3,18118459233678.2,19083847044603.6,19948235813343.6,20998346820616,22190811554125,22887457438930,23692224634018.5,23185876615278.8,24628956779388.3
"Lesotho","LSO","Adjusted net national income (constant 2015 US$)","NY.ADJ.NNTY.KD",NA,NA,NA,NA,NA,NA,NA,NA,NA,NA,NA,NA,NA,NA,NA,NA,NA,NA,NA,NA,NA,NA,NA,NA,NA,NA,NA,NA,NA,NA,NA,NA,NA,NA,NA,NA,NA,2055116265.37405,2139540754.32466,1906748869.01048,1950773774.99182,1918041793.93003,1882665981.77215,1947312766.43243,2056225621.95861,2221717708.63459,2200666449.28102,2059908061.50205,2129852722.91926,2209912775.00038,2191944965.98203,2172820218.20581
"Late-demographic dividend","LTE","Adjusted net national income (constant 2015 US$)","NY.ADJ.NNTY.KD",NA,NA,NA,NA,NA,NA,NA,NA,NA,NA,NA,NA,NA,NA,NA,NA,NA,NA,NA,NA,NA,NA,NA,NA,NA,3878933344380.67,4222990793750.95,4468966134391.08,4604391245475.92,4822240711843.14,5195730410790.11,5494117886677.06,5870202816580.56,6286498014041.1,6874881818681.18,7488371043123.25,8327425648704.47,9334242544908.3,9837269608790.88,10204296341572.3,11001745799478.3,11570332070657.5,12387649155912.4,12963271405266,13672353031753.1,14151582161538.7,14757562648906.5,15643967545908,16256328547811.3,16872249103875.4,16669003550909.3,17542061154915.8
"Lithuania","LTU","Adjusted net national income (constant 2015 US$)","NY.ADJ.NNTY.KD",NA,NA,NA,NA,NA,NA,NA,NA,NA,NA,NA,NA,NA,NA,NA,NA,NA,NA,NA,NA,NA,NA,NA,NA,NA,12716400415.4524,14092890488.5496,15566094393.129,16669537843.658,16724696587.6662,17947201168.4853,19254120582.6931,20814910772.0381,22719357877.0186,25026551204.464,27687892467.3583,29202893066.709,31613600562.3737,33188695171.3889,29551289535.3914,29133579414.4366,29992286123.266,31137265207.7113,32650126556.7794,34461459925.4768,34402653748.6417,35979510801.4817,37809732743.8957,39124058151.5735,41129347162.8961,41399461266.4526,42269950550.9795
"Luxembourg","LUX","Adjusted net national income (constant 2015 US$)","NY.ADJ.NNTY.KD",7050687480.03408,6663598349.71256,7412134121.56688,8254828303.60849,9553650258.77672,8471905044.69957,9423143606.02452,9343526569.96443,9822940854.52617,9987241913.82136,10259570509.3943,10628075109.8742,12190714037.5387,12719647954.1577,13031700018.1399,13661645335.096,14530863203.9632,15051730612.1253,16228711408.3858,17735764587.727,18678695905.8012,20234043272.38,20184237300.6413,21210232727.4446,21389945301.4237,22527738377.4489,23193702260.7407,24526716374.9798,24477558827.671,26640774377.5441,27477148639.687,27948467051.0952,27346223746.4502,26782291307.2847,31588025158.5692,33133200806.8379,31687226312.961,36485473378.1778,34077920624.0905,25361684528.4989,29443368484.1032,30410869328.9391,35191129005.379,33813290082.9052,35839556179.4467,31743520644.1627,33841568073.828,37567850028.6358,37937275127.7203,35724620974.1065,37385269450.9269,41897405733.8725
"Latvia","LVA","Adjusted net national income (constant 2015 US$)","NY.ADJ.NNTY.KD",NA,NA,NA,NA,NA,NA,NA,NA,NA,NA,NA,NA,NA,NA,NA,NA,NA,NA,NA,NA,NA,NA,NA,NA,NA,7585631996.52709,8005500693.61504,8716621092.21101,9368554838.10179,9790733787.37189,10681735017.2913,11793706501.2228,12869508099.1865,14140287413.1086,15323169473.0578,17405726272.5287,19258918478.7912,22173223512.9576,21680860008.1984,19633655694.9787,17053703119.3019,17714821667.6556,18657348830.0844,19390799322.7291,19897159669.8925,20674751442.1028,21959140342.2396,22951325761.5755,23972319324.337,24682045912.6964,24254045319.3471,25514244561.6824
"Macao SAR, China","MAC","Adjusted net national income (constant 2015 US$)","NY.ADJ.NNTY.KD",NA,NA,NA,NA,NA,NA,NA,NA,NA,NA,NA,NA,NA,NA,NA,NA,NA,NA,NA,NA,NA,NA,NA,NA,NA,NA,NA,NA,NA,NA,NA,NA,NA,NA,NA,NA,NA,NA,NA,NA,NA,NA,NA,NA,NA,NA,NA,NA,NA,NA,NA,NA
"St. Martin (French part)","MAF","Adjusted net national income (constant 2015 US$)","NY.ADJ.NNTY.KD",NA,NA,NA,NA,NA,NA,NA,NA,NA,NA,NA,NA,NA,NA,NA,NA,NA,NA,NA,NA,NA,NA,NA,NA,NA,NA,NA,NA,NA,NA,NA,NA,NA,NA,NA,NA,NA,NA,NA,NA,NA,NA,NA,NA,NA,NA,NA,NA,NA,NA,NA,NA
"Morocco","MAR","Adjusted net national income (constant 2015 US$)","NY.ADJ.NNTY.KD",NA,15540923372.5703,15681618070.7101,16027429396.621,18119461187.2323,19319630489.985,20669162505.3827,22512873528.2922,22468285544.069,23583415369.9225,24169565713.3441,22906598596.7437,24372121375.6893,25362985168.2561,26478782035.8993,27644152428.3002,31455095336.3409,31975166488.8622,35371610154.6179,35824805221.2937,36995235359.0502,40139565126.848,39501991694.5062,38922674489.3609,42457243271.8124,41189865413.5659,46120999993.6781,45522309472.7586,48712494980.0658,49693107222.1511,49729838285.3115,52968794218.1638,55081345488.0207,59328977137.2656,61602334576.7433,63260435689.7962,67314143320.6441,69771616279.273,74449138531.4088,77695785153.1101,78778533265.4769,81256881196.0553,83775325839.4749,88424078241.7655,91068309511.1849,98139484500.0773,99778304677.3342,103670568619.7,106771411626.545,110625670064.848,103776544323.276,111214889000.528
"Monaco","MCO","Adjusted net national income (constant 2015 US$)","NY.ADJ.NNTY.KD",NA,NA,NA,NA,NA,NA,NA,NA,NA,NA,NA,NA,NA,NA,NA,NA,NA,NA,NA,NA,NA,NA,NA,NA,NA,NA,NA,NA,NA,NA,NA,NA,NA,NA,NA,NA,NA,NA,NA,NA,NA,NA,NA,NA,NA,NA,NA,NA,NA,NA,NA,NA
"Moldova","MDA","Adjusted net national income (constant 2015 US$)","NY.ADJ.NNTY.KD",NA,NA,NA,NA,NA,NA,NA,NA,NA,NA,NA,NA,NA,NA,NA,NA,NA,NA,NA,NA,NA,NA,NA,NA,NA,NA,2970967127.05246,3108586982.47581,2840882651.11083,2549056775.48268,2828986350.78233,3210512065.10176,3679780010.51013,4154148922.23963,4554605987.55289,4923082060.49438,5107584861.40204,5205373864.25831,5551171098.61687,5102517318.26169,6000490923.47105,6526551350.34846,6782948879.74722,7320813998.98663,7731674707.11609,7066335868.40404,7770141538.04645,8250377653.8501,8456838237.23465,8843120057.03937,8180373234.75609,8884404904.46791
"Madagascar","MDG","Adjusted net national income (constant 2015 US$)","NY.ADJ.NNTY.KD",NA,NA,NA,NA,NA,NA,NA,NA,NA,NA,6007360263.21192,5250153741.76196,5082887173.86544,5102100881.35404,5129498648.78501,5321388203.4394,5271582947.56401,5055499889.01324,5121491930.68058,4957698320.59818,5361238622.87613,4747054355.47443,4826394137.14097,5002965195.621,4802228408.54089,4694930910.68788,4975971687.88741,5148460714.1242,5499326990.41543,5839919450.12085,6171491838.14709,6882753063.3902,5883097652.53197,6792323665.41039,6931632353.49576,6995911749.35674,7378139580.32271,7665647157.49983,8325346841.8605,7365687138.25154,7668311356.36462,7982586013.88777,8086372034.10102,8438076494.31045,8620920679.20889,9027729503.81849,9728826227.80124,9993624280.28089,10903327645.7243,11074890123.0495,10509701289.5507,11151794855.5084
"Maldives","MDV","Adjusted net national income (constant 2015 US$)","NY.ADJ.NNTY.KD",NA,NA,NA,NA,NA,NA,NA,NA,NA,NA,NA,NA,NA,NA,NA,NA,NA,NA,NA,NA,NA,NA,NA,NA,NA,NA,NA,NA,NA,NA,NA,NA,NA,NA,NA,NA,NA,NA,NA,NA,NA,NA,NA,NA,3504397922.36967,3319083069.38923,3241740239.34828,3379797535.22593,3486864980.16539,3700537395.10031,2450332815.8622,3058130940.70004
"Middle East, North Africa, Afghanistan & Pakistan","MEA","Adjusted net national income (constant 2015 US$)","NY.ADJ.NNTY.KD",NA,NA,NA,NA,NA,NA,NA,NA,NA,NA,NA,NA,NA,NA,NA,NA,NA,NA,NA,NA,NA,NA,NA,NA,NA,NA,NA,NA,NA,NA,1518841791805.47,1598708451704.96,1691114892151.65,1778756884859.89,1904067878419.55,2077907600152.36,2271925464794.67,2464408428030.17,2642898977326.79,2540492285769.75,2756010606418.07,2960656421048.58,3059669048205.26,3098845956436.31,3127626581508.96,2914707163743.32,3052242817369.8,3166911547435.22,3185509283102.56,3219711350196.76,3031980940204,NA
"Mexico","MEX","Adjusted net national income (constant 2015 US$)","NY.ADJ.NNTY.KD",272799031339.448,283904163970.89,308636142899.856,337135116884.54,356721779403.432,368183505699.075,381622916488.923,382629808186.315,412192462788.785,443050578451.57,507222401581.958,559766184244.775,521698001260.983,456878253192.388,470544223211.443,495061187043.911,440642438315.074,460324443384.782,449665233209.092,477984723721.414,513163981286.886,554748268353.528,580694051777.364,574762945722.802,619098030212.379,548908641038.402,582263748526.128,645922730737.055,676582131816.726,715214207887.386,748311884907.53,757844122168.874,758670464823.378,741198855096.976,763860095381.664,758346775242.546,809667662851.947,825531451690.368,815814026987.741,764395495150.819,800900085170.236,824053697479.954,841728116450.969,849716501958.806,888501970927.176,930698815652.538,943373330910.029,966789790458.51,978522263242.928,994051421271.69,880438824630.611,901714960588.264
"Marshall Islands","MHL","Adjusted net national income (constant 2015 US$)","NY.ADJ.NNTY.KD",NA,NA,NA,NA,NA,NA,NA,NA,NA,NA,NA,NA,NA,NA,NA,NA,NA,NA,NA,NA,NA,NA,NA,NA,NA,NA,NA,NA,NA,NA,NA,NA,NA,NA,NA,NA,NA,NA,NA,NA,NA,NA,NA,NA,NA,NA,NA,NA,NA,NA,NA,NA
"Middle income","MIC","Adjusted net national income (constant 2015 US$)","NY.ADJ.NNTY.KD",NA,NA,NA,NA,NA,NA,NA,NA,NA,NA,NA,NA,NA,NA,NA,NA,NA,NA,NA,NA,NA,NA,NA,NA,NA,7094765469136.45,7041968665941.96,7340834284999.93,7016794483544.1,7061571661274.96,7179326614324.1,7422234948215.16,8443924271832.21,8420456783811.84,9445746280201.92,10042583167351.1,11173159310493.6,12864255479771.9,13401776803817.9,14258486905520.8,15350823663621.7,16018860536756.7,17003959168109.2,17819504283509.1,18769546946532.8,19635096231108.9,20673446410998.5,21849066082388.3,22529274200233.8,23317040503369.7,22819320733303.8,24255502290473.6
"North Macedonia","MKD","Adjusted net national income (constant 2015 US$)","NY.ADJ.NNTY.KD",NA,NA,NA,NA,NA,NA,NA,NA,NA,NA,NA,NA,NA,NA,NA,NA,NA,NA,NA,NA,NA,NA,NA,3955795056.89937,4194507133.10206,4510428955.34652,4347597128.59561,4151744129.11484,4166607565.46912,4370171224.22841,5072043495.95355,5027313047.48436,5012368795.58259,5016303196.90842,5286218941.5115,5568292887.04832,5919668360.67429,5729094528.553,6375649080.44966,6463715166.75867,6618457467.70026,6690077069.3358,6718239802.29359,7094681805.76652,7515676795.78692,7950976174.06415,8420538553.93763,8647976616.80421,8920556467.03005,9217314098.54828,8946920685.72037,9072502371.82897
"Mali","MLI","Adjusted net national income (constant 2015 US$)","NY.ADJ.NNTY.KD",NA,NA,NA,NA,NA,NA,NA,NA,NA,NA,2965577974.52256,3192533895.83451,3384685993.38452,3701923759.55122,3728109829.83348,3744993531.39041,3782723561.77158,3682419017.89506,3767397106.01695,3726422558.34541,3785029807.90186,4014907751.97954,3721006466.72271,4018394442.91038,3773068451.26648,4007101701.65309,4046143244.59047,4356783029.37751,4553837337.96892,5460068504.92153,5315921271.10487,5708098883.79356,5703491972.16006,6332584038.12263,6457166540.62491,6956340600.88524,7257087812.73334,7505867300.70716,8018497479.4121,8663297193.59542,9344994852.72706,9831387065.56732,9405161849.08032,9365723240.75191,10474636422.9066,11230006151.9712,11957474666.0467,12733751240.1518,13343064187.5317,14041564593.8065,14548282184.5176,13470175653.6338
"Malta","MLT","Adjusted net national income (constant 2015 US$)","NY.ADJ.NNTY.KD",NA,NA,NA,NA,NA,NA,NA,NA,NA,NA,NA,NA,NA,NA,NA,NA,NA,NA,NA,NA,NA,NA,NA,NA,NA,NA,NA,NA,NA,NA,NA,NA,NA,NA,NA,NA,NA,NA,NA,NA,NA,NA,NA,NA,NA,NA,NA,NA,NA,NA,NA,NA
"Myanmar","MMR","Adjusted net national income (constant 2015 US$)","NY.ADJ.NNTY.KD",NA,NA,NA,NA,NA,NA,NA,NA,NA,NA,NA,NA,NA,NA,NA,NA,NA,NA,NA,NA,NA,NA,NA,NA,NA,NA,NA,NA,NA,NA,NA,NA,NA,NA,NA,NA,NA,NA,NA,NA,NA,NA,NA,NA,NA,54727138207.4194,NA,NA,NA,NA,NA,NA
"Middle East, North Africa, Afghanistan & Pakistan (excluding high income)","MNA","Adjusted net national income (constant 2015 US$)","NY.ADJ.NNTY.KD",NA,NA,NA,NA,NA,NA,NA,NA,NA,NA,NA,NA,NA,NA,NA,NA,NA,NA,NA,NA,NA,NA,NA,651359721246.299,664966016383.52,685985865911.297,737390532433.781,761189788224.433,780596494190.588,819480105982.327,818219978346.494,881249023856.172,953010439366.456,1007173404973.08,1053683962244.57,1123305332490.75,1193732373199.58,1305276721832.19,1362062650532.66,1390306773102.81,1505933713415.38,1527417767913.72,1545687689643.15,1552920285929.28,1563592303619.48,1480949048198.15,1603202280681.53,1632874067420.93,1562856487665.24,1579066685218.54,1552246420253.2,1684552198592.45
"Montenegro","MNE","Adjusted net national income (constant 2015 US$)","NY.ADJ.NNTY.KD",NA,NA,NA,NA,NA,NA,NA,NA,NA,NA,NA,NA,NA,NA,NA,NA,NA,NA,NA,NA,NA,NA,NA,NA,NA,NA,NA,NA,NA,NA,NA,NA,NA,NA,NA,NA,2717320489.66761,3047989515.6463,3267653609.30629,3076197238.61796,3170772358.49565,3319140782.41088,3191160327.71542,3371647567.85253,3433042626.25213,3658614396.17059,3822901021.42258,4178165658.33305,4371011649.88197,4586067839.34199,3845574494.87503,4437454268.34427
"Mongolia","MNG","Adjusted net national income (constant 2015 US$)","NY.ADJ.NNTY.KD",NA,NA,NA,NA,NA,NA,NA,NA,NA,NA,NA,NA,NA,NA,NA,NA,NA,NA,NA,NA,NA,NA,NA,NA,NA,NA,NA,NA,NA,NA,NA,NA,NA,NA,NA,NA,NA,NA,NA,NA,5127751041.67981,5985994824.66838,7654217931.7176,8739146547.42746,8990852424.18678,8571900021.94154,8896528483.4847,8896768861.19477,10230591452.1836,11365654117.2293,11190845820.3541,10172600556.0464
"Northern Mariana Islands","MNP","Adjusted net national income (constant 2015 US$)","NY.ADJ.NNTY.KD",NA,NA,NA,NA,NA,NA,NA,NA,NA,NA,NA,NA,NA,NA,NA,NA,NA,NA,NA,NA,NA,NA,NA,NA,NA,NA,NA,NA,NA,NA,NA,NA,NA,NA,NA,NA,NA,NA,NA,NA,NA,NA,NA,NA,NA,NA,NA,NA,NA,NA,NA,NA
"Mozambique","MOZ","Adjusted net national income (constant 2015 US$)","NY.ADJ.NNTY.KD",NA,NA,NA,NA,NA,NA,NA,NA,NA,NA,NA,NA,NA,NA,NA,NA,NA,NA,NA,NA,NA,2264083362.39183,1779185610.30909,2038147551.51233,2216507943.98875,2030768494.46392,2565517320.1571,3045515410.49186,3393685192.73452,4062153876.80434,3883387746.33265,4048460234.15108,4161007264.64171,5133095084.20662,5765633666.43264,6331618110.74775,6777960697.53576,7499507244.75786,8282628395.60363,8935223217.81647,9006219727.38087,9642834345.42542,10783863731.2172,11391599933.3447,11904294888.906,12715387659.2966,13108911201.2312,13737198263.25,14392406318.0799,13800548376.3873,13387627437.6198,13665450420.1603
"Mauritania","MRT","Adjusted net national income (constant 2015 US$)","NY.ADJ.NNTY.KD",NA,NA,NA,NA,NA,NA,NA,NA,NA,NA,1960909415.23069,2041411677.02276,2017357505.25753,2022377373.19115,2002912293.73619,2024289192.03844,2228365271.3391,2311534697.69539,2288400367.19437,2486720817.62095,2420511659.47683,2497118119.12693,2174609475.11292,2302477935.97727,2338238088.172,2692237508.29461,2817767037.11949,2700229708.82665,2989045393.56483,3210901198.03935,3097576289.17004,3080039951.50812,3517709863.23935,3792553678.1701,3295374047.12498,3189328529.46257,4138050633.77702,4179806766.4568,4051992534.11448,4609233680.01586,4792203729.04136,5279874747.19978,5109084991.79849,5467976479.31163,5141359495.93439,5362348342.72415,6014208748.79436,6332565143.5209,7277181845.70488,8136642006.89745,8704506479.36141,8564002029.10184
"Mauritius","MUS","Adjusted net national income (constant 2015 US$)","NY.ADJ.NNTY.KD",NA,NA,NA,NA,NA,NA,2344894110.57486,2366952987.87778,2408203592.0418,2367136208.08855,2213149183.89101,2112804370.65289,2278827216.81425,2404715985.83945,2444881155.11549,2600024595.36383,3086681037.87275,3556163884.0419,3751612647.52491,3831948604.92831,4156167923.75411,4474028188.17393,4662477369.90553,4721473913.73705,4809770342.69843,5038204517.92662,5411645702.96446,5386217044.83586,5797217929.32844,6151763129.58243,6512280856.38608,7289261041.71348,7350947563.21594,7642602675.31725,7858295804.80699,7945317919.40604,8537442180.20702,9184323159.22333,8922112212.22042,8793705387.86203,8667807714.23583,8970084424.78887,8972693284.18021,9508513731.37789,9904023214.81903,10348987079.2442,10793592411.892,11302048119.8725,11720838078.3241,12057907395.2251,10137232681.492,10389921036.2698
"Malawi","MWI","Adjusted net national income (constant 2015 US$)","NY.ADJ.NNTY.KD",NA,NA,NA,NA,NA,NA,NA,NA,NA,NA,NA,NA,NA,NA,NA,NA,NA,NA,NA,NA,NA,NA,NA,NA,NA,NA,NA,NA,NA,NA,NA,NA,NA,NA,NA,NA,NA,NA,NA,NA,NA,NA,NA,NA,NA,5050420437.71233,NA,NA,NA,NA,NA,NA
"Malaysia","MYS","Adjusted net national income (constant 2015 US$)","NY.ADJ.NNTY.KD",13546192523.4993,12441515507.9746,11266317757.9765,12930627528.0168,17511858769.7073,13732160894.758,17016220286.0786,19200397568.2963,21833006705.7878,20253803810.5622,21879040222.2639,25849363253.4942,24989190833.3849,27015184109.8394,34985942470.1645,29527087852.6646,26406087634.72,27471228036.0702,33621251299.8842,34412423207.541,38516048232.8932,47845786435.1752,49149635618.6882,59100599120.6703,63611053024.4901,75522040897.2685,82275078826.879,90155703442.8093,80572409495.6058,87294013654.9898,96977104405.137,91452282195.3279,106325120207.148,110060183335.633,126716406024.531,128219391940.27,141776733298.385,156257367248.028,167930516408.135,156810150998.869,175459550560.867,189108304756.551,194614274186.617,197822870986.323,202691155086.198,219218282039.881,228588008549.353,240072238159.937,245771949394.043,262972551573.495,253197826078.66,254984315369.865
"North America","NAC","Adjusted net national income (constant 2015 US$)","NY.ADJ.NNTY.KD",4988072853353.76,5129075351177.02,5411659610446.02,5714196049096.5,5500992803400.8,5496780929547.22,5774246275045.64,5996324505009.82,6291146533735.89,6259541304483.34,6139503064422.32,6396427465182.14,6451665983779.81,6658650731633.09,7180487051968.19,7484047119683.17,7738221418530.33,8028106686096.33,8486047488999.49,8683702960095.06,8784065860996.73,8799793330881.73,9079235908099.52,9286927693892.1,9699496935484.69,10029371890588.9,10442141547468.3,10997613758417.1,11615658547914,12113221004791.6,12601192110556.9,12791832416172.3,12995174838556.2,13256655159195,13781958149061.8,14171348136536.1,14715614623723.1,14794788728595.1,14447458381233,14239301744816.3,14863968573079.9,15196320040202.5,15748516772350.6,15984361626292,16503294191557.7,17009512383262.3,17184736665604,17679754114768.1,18184388981829.8,18594564046950.1,17900801803755.4,18886135522750.7
"Namibia","NAM","Adjusted net national income (constant 2015 US$)","NY.ADJ.NNTY.KD",NA,NA,NA,NA,NA,NA,NA,NA,NA,NA,NA,NA,NA,NA,NA,NA,NA,NA,NA,NA,2843326937.6229,3267198062.07158,3347741121.19042,3447288699.52452,3644263978.33117,3770984550.0478,3993708086.07828,4089816322.17933,4259190637.62008,4279438069.662,4671511534.35214,4756466172.74719,5087328390.66549,5192672441.62793,5562670920.61592,5540521205.43018,6201785929.25242,6071221543.0613,6690812549.31285,6732828462.42686,6959941676.44691,7427097351.78207,7816038022.9236,8612553060.65069,9265415486.41807,9892831526.29237,10017778048.0299,10251979935.2596,10215135411.0407,10299316862.7847,9538144848.92934,9385778138.70794
"New Caledonia","NCL","Adjusted net national income (constant 2015 US$)","NY.ADJ.NNTY.KD",NA,NA,NA,NA,NA,NA,NA,NA,NA,NA,NA,NA,NA,NA,NA,NA,NA,NA,NA,NA,NA,NA,NA,NA,NA,NA,NA,NA,NA,NA,NA,NA,NA,NA,NA,NA,NA,NA,NA,NA,NA,NA,NA,NA,NA,NA,NA,NA,NA,NA,NA,NA
"Niger","NER","Adjusted net national income (constant 2015 US$)","NY.ADJ.NNTY.KD",NA,NA,NA,NA,NA,NA,NA,NA,NA,NA,NA,NA,NA,NA,NA,NA,NA,NA,NA,NA,3651847212.08907,3720456615.14207,3607906660.31926,3749658605.11083,3855682114.52254,4113060803.36204,4025091800.48199,4101824996.45063,4651983482.01414,4687813786.43565,4623043841.91816,5091413199.33204,5371993866.51809,5475134827.29206,5561504595.76373,5968564758.89831,6234822991.97193,6381012232.29952,6893784721.6896,6986347853.32319,7573566308.54976,7804807437.46631,8412088026.84219,8768155578.71704,9290295505.06634,9860806999.20606,10258994929.9604,10703088045.3591,11780694946.9428,12343393137.2144,11645293363.5648,12374652114.964
"Nigeria","NGA","Adjusted net national income (constant 2015 US$)","NY.ADJ.NNTY.KD",NA,NA,NA,NA,NA,NA,NA,NA,NA,NA,NA,NA,NA,NA,NA,NA,NA,NA,NA,NA,NA,NA,NA,NA,NA,NA,NA,NA,NA,NA,NA,NA,NA,NA,NA,NA,NA,NA,NA,NA,NA,NA,NA,NA,NA,427297983711.111,NA,NA,NA,NA,NA,NA
"Nicaragua","NIC","Adjusted net national income (constant 2015 US$)","NY.ADJ.NNTY.KD",NA,NA,NA,NA,NA,NA,NA,NA,NA,NA,NA,NA,NA,NA,NA,NA,NA,NA,NA,NA,NA,NA,NA,NA,4510387907.62252,5010286680.5791,5327489335.81148,5625993525.23943,6078520506.32599,6316413433.85405,6495084257.90885,6523734205.81851,6630324522.70675,6705534446.56664,6978002282.09991,7338682003.76264,7294938823.77316,7727792086.0092,8101821423.02019,8073184801.32541,8298871380.69811,8721518558.61434,9126120398.89799,9382934416.43002,10220609754.7705,11174210329.1839,11727146951.0422,12207841032.5228,11499737021.2953,11355283687.6743,11048034829.4585,11195573532.7929
"Netherlands","NLD","Adjusted net national income (constant 2015 US$)","NY.ADJ.NNTY.KD",250280741555.475,257853809248.753,267164034440.449,285116832100.465,287864532145.581,283556381614.397,299653435246.327,305280918229.695,311507932730.749,314062227682.912,317063210715.907,316149384179.503,314609069520.265,320280039182.283,333160721891.056,333145350928.633,342549906712.462,347324864079.06,355751435541.65,371165462169.903,379155959613.275,391129430799.697,393551872070.008,400548428789.662,417691805829.646,436311828810.734,454133163113.07,476560906709.73,495954202690.381,525809737332.755,546077619667.158,545559460421.881,543936782870.097,551654406038.46,559687799482.417,572182592091.342,599649679194.809,617882358926.411,599047824056.394,577669823502.094,601068216633.374,608881549694.184,597274273252.767,599033026573.323,606774530417.305,626769230573.679,631544008209.304,659635185716.073,679910395113.985,683467138150.98,636562341536.104,670287116276.447
"Norway","NOR","Adjusted net national income (constant 2015 US$)","NY.ADJ.NNTY.KD",84147234443.4827,89643061583.8948,92530535401.4529,98563595640.3652,100374643929.433,101660984435.97,103913851064.933,105397961593.251,106300963640.172,109517868114.693,117895741844.315,123687131263.722,124426105717.224,125829136271.06,133566469889.182,140785950478.043,139291185430.995,136925949276.935,132371242421.511,130806749498.65,132342839385.514,139960683227.248,142495583474.701,145668060944.345,153255629759.608,161675078957.055,170324103668.965,185045028229.391,190814007221.466,195799198367.68,211251632805,221584808122.19,218623072306.965,223038187620.864,239451812307.541,264452233254.303,281513765299.516,288127508904.071,294709518928.298,274554549564.582,288397358764.164,295375122791.864,308463740763.321,314917387361.519,320152125717.858,317756972154.446,312620334693.397,320615843467.36,330709389967.849,319992756264.683,295904510998.079,342380488684.167
"Nepal","NPL","Adjusted net national income (constant 2015 US$)","NY.ADJ.NNTY.KD",NA,NA,NA,NA,NA,NA,NA,NA,NA,NA,NA,NA,NA,NA,NA,NA,NA,NA,NA,NA,NA,NA,NA,NA,NA,NA,NA,NA,NA,NA,NA,13866023444.0315,13977765137.0857,14390717860.4419,14795544751.965,15292116050.5481,15665374423.2932,16123684249.4688,16843008671.1921,17742314070.411,18861645693.8446,19998194053.4054,20947607017.6289,21352690728.5232,22927665541.4345,23150029935.0999,22695847920.9751,26524362224.2941,28351948473.5412,30606199677.0676,28712404695.9351,30844359288.2925
"Nauru","NRU","Adjusted net national income (constant 2015 US$)","NY.ADJ.NNTY.KD",NA,NA,NA,NA,NA,NA,NA,NA,NA,NA,NA,NA,NA,NA,NA,NA,NA,NA,NA,NA,NA,NA,NA,NA,NA,NA,NA,NA,NA,NA,NA,NA,NA,NA,NA,NA,NA,NA,NA,NA,NA,NA,NA,NA,NA,NA,NA,NA,NA,NA,NA,NA
"New Zealand","NZL","Adjusted net national income (constant 2015 US$)","NY.ADJ.NNTY.KD",NA,49563195496.132,53434244613.5504,58815649502.6102,56621594729.6762,52175557538.8699,53511273209.9271,51377822798.5234,52006645739.4907,52480477035.5872,52279758207.1267,54314566602.1119,53376791999.3634,55961023012.5926,56854580155.4335,56337326502.3765,60807210641.8942,62929241687.8353,65849726730.2212,66329426211.5647,65584792073.1883,61829499609.1735,62709528781.4723,66904824639.1886,71534026772.2275,74901050681.5739,76257295894.0005,79887560708.1074,81502460108.471,84450410450.7079,86104766570.3956,91663433681.8345,96236374571.4751,103585415503.245,107014586484.928,108762358208.764,109967056701.146,116730271379.423,111604972275.774,116610573056.855,119776708911.663,124981606359.314,127390196302.233,135644611173.647,140272154718.725,146130565377.57,153505151974.882,161592951632.845,164755891442.452,173189149556.452,172957622353.503,177614971465.592
"OECD members","OED","Adjusted net national income (constant 2015 US$)","NY.ADJ.NNTY.KD",13015057925676.3,13450460990075.2,14181674776725.3,14991206909064.1,14679164789751.6,14736813449445.4,15419709916355.3,15921436811991.6,16700292659492.6,16974484094368.9,16891715038483.5,17220967104344.1,17390295530202.9,17775834987216.6,18673045369946.2,19395847485605.3,20176709578276.4,20918701071943.3,22034551986574.1,22731195640479.8,23335699000967.3,23692124018311.4,24212896858747.3,24437015022180.4,25393413950767.6,26120536205269.6,26979718424406.1,28069527308830.9,29089442868255.9,30011019848049.1,31067080598590,31575715296072.3,31981184967648.7,32528687633914.1,33601000437577.8,34383814997282,35475235622889.8,36066228079425.9,35321090846245.9,34377399345818.4,35726866121152.1,36241713712172.2,36883597405295.8,37403141310213,38383705592267.9,39611322136758.5,40283431572590.1,41342360292137.4,42163951105994.6,42869108071905.6,40691537859277.7,42674424001823.5
"Oman","OMN","Adjusted net national income (constant 2015 US$)","NY.ADJ.NNTY.KD",NA,NA,NA,NA,NA,NA,NA,NA,NA,NA,NA,NA,NA,NA,NA,NA,NA,NA,NA,NA,NA,NA,NA,NA,NA,NA,NA,NA,15050323293.4467,14988156395.7848,14557332872.6428,16060300468.8292,17907623394.6507,18805827584.2538,20157890545.2895,19649924400.5568,25053593830.2361,28469040749.9322,34211354217.5607,32116103582.4666,38336064162.8981,39662345067.7618,46871564711.2365,49368098889.368,49328897625.1397,51311067027.2959,51968381861.452,55402471487.5949,61249063373.0071,59406691405.5348,57431393968.2677,55478109139.8936
"Other small states","OSS","Adjusted net national income (constant 2015 US$)","NY.ADJ.NNTY.KD",NA,NA,NA,NA,NA,NA,NA,NA,NA,NA,NA,NA,NA,NA,NA,NA,NA,NA,NA,NA,NA,NA,NA,NA,NA,NA,NA,NA,NA,NA,55157694919.6932,59298469912.2946,62359933923.1433,66187355849.3263,70147563708.6909,75414807360.8916,80801055375.569,85770225264.2753,89625890895.6105,83449521494.6912,85225887241.8519,91967435771.4233,92559341335.5576,94706294285.0937,96192327439.4322,99032501016.9997,102321160797.285,107691496488.678,110741113254.654,116196599901.31,105427423497.045,109884510649.051
"Pakistan","PAK","Adjusted net national income (constant 2015 US$)","NY.ADJ.NNTY.KD",NA,NA,NA,NA,NA,NA,NA,NA,NA,NA,NA,NA,NA,NA,NA,NA,86158957280.4935,92225057127.9129,99017929340.9009,102325432005.701,105613141287.178,109707679895.791,117323667148.724,119086378579.22,123862324734.431,131812417963.844,137748587413.799,138668147052.771,146542395962.267,151800676187.309,126123505043.999,128650698844.781,131215251613.36,138786013989.292,149281999829.247,161915454501.017,173165176268.844,176598867622.103,179936942189.12,200017763994.093,206625640782.307,220991720386.638,217402057074.81,226656268623.128,239095666406.103,251937055179.524,302347749698.944,317676896640.794,336049082783.818,345338791284.345,344115110326.935,370842925119.669
"Panama","PAN","Adjusted net national income (constant 2015 US$)","NY.ADJ.NNTY.KD",NA,NA,NA,NA,NA,NA,NA,NA,NA,NA,NA,NA,NA,NA,NA,NA,NA,NA,NA,NA,NA,NA,NA,NA,NA,NA,14997814867.3712,16085195290.5974,17360065815.442,17468993493.7019,18066770201.1807,18304595892.8164,19450500315.6513,20224974612.9393,20569628738.3028,22547178755.3411,23861131572.1605,26681273094.933,29300748944.7587,31220475838.3093,31750516990.7896,36260663135.1169,39164788090.1201,42361684224.5068,43154152044.2041,47414115415.743,49038547867.0708,51834370478.6189,51845629666.1436,52980056544.0703,43961527565.7248,47632221404.5613
"Peru","PER","Adjusted net national income (constant 2015 US$)","NY.ADJ.NNTY.KD",39171814802.5253,40674096383.0112,41618128654.9748,44634448446.2868,47118870557.3518,48368180319.2112,47805304174.0077,48942073524.434,45816958110.6511,46550827907.6459,49973004710.4367,54143546869.8683,54503294739.9673,47439953582.8027,48971875856.9327,56516776966.4728,39035080241.1314,35499096311.5416,49666019223.5324,44076120460.2691,46364589564.2339,50153997576.5422,50208199304.5523,52552126274.0082,59349113141.2175,64008686293.3527,66105290019.0738,71031262612.0148,69946295961.5332,68650427034.8756,69212022709.7126,70065422639.6174,73866559561.6352,76176249098.4854,78247841225.1655,82776471746.1094,89425398526.4953,99412062827.1249,109044413989.102,112860602505.862,126179140795.513,136912619802.348,146942769569.876,156023164318.806,160140639348.668,164296810031.077,166950404014.862,171180371788.463,176239426842.069,186704057862.503,168272981876.5,173391489248.508
"Philippines","PHL","Adjusted net national income (constant 2015 US$)","NY.ADJ.NNTY.KD",NA,NA,NA,NA,NA,NA,NA,NA,NA,NA,NA,86948047531.9531,89090347322.8686,90492612329.9704,81538434541.7824,75936703738.4115,78149721414.174,84018327362.5864,90360940026.5678,94752266311.5264,100516242811.016,100549700616.515,102959888270.721,103433209521.484,109646113170.268,114313749139.407,120178014447.198,127523711706.725,141257193903.364,147376471947.959,150458194966.034,152588280993.205,157153042252.597,164633065422.287,168251058981.024,176828595127.232,185244970180.609,193931298150.915,204351508614.811,215178328040.729,229912112548.14,232098634535.87,252949701314.359,274176972725.126,291247704911.431,311490681521.768,331591379298.95,352974072440.351,369472755424.037,384111665917.916,341305179406.864,333806162737.436
"Palau","PLW","Adjusted net national income (constant 2015 US$)","NY.ADJ.NNTY.KD",NA,NA,NA,NA,NA,NA,NA,NA,NA,NA,NA,NA,NA,NA,NA,NA,NA,NA,NA,NA,NA,NA,NA,NA,NA,NA,NA,NA,NA,NA,NA,NA,NA,NA,NA,NA,NA,NA,NA,NA,NA,NA,NA,NA,NA,NA,NA,NA,NA,NA,NA,NA
"Papua New Guinea","PNG","Adjusted net national income (constant 2015 US$)","NY.ADJ.NNTY.KD",NA,NA,NA,NA,NA,NA,NA,NA,NA,NA,NA,NA,NA,NA,NA,NA,NA,NA,NA,NA,NA,NA,NA,NA,NA,NA,NA,NA,NA,NA,NA,NA,NA,NA,NA,NA,NA,NA,NA,NA,NA,NA,NA,NA,NA,17539612760.6181,NA,NA,NA,NA,NA,NA
"Poland","POL","Adjusted net national income (constant 2015 US$)","NY.ADJ.NNTY.KD",NA,NA,NA,NA,NA,NA,NA,NA,NA,NA,NA,NA,NA,NA,NA,NA,NA,NA,NA,NA,NA,NA,NA,NA,NA,183552145745.573,194687298806.367,206175997624.063,216781606159.884,226032167453.188,233496345989.794,237053785674.071,242102326845.661,247370885039.835,256071445903.327,270804375865.552,284316569557.045,304783330576.98,323851161293.887,335863823775.463,340127900545.607,353577111168.928,359999263881.16,364017721540.908,380681282886.485,403152853203.443,413878444606.28,435393268773.202,459960413409.822,484352670061.758,480562682280.435,504958994560.145
"Pre-demographic dividend","PRE","Adjusted net national income (constant 2015 US$)","NY.ADJ.NNTY.KD",NA,NA,NA,NA,NA,NA,NA,NA,NA,NA,NA,NA,NA,NA,NA,NA,NA,NA,NA,NA,NA,NA,NA,NA,NA,NA,NA,NA,NA,NA,NA,NA,NA,NA,NA,NA,NA,NA,NA,NA,NA,NA,NA,NA,NA,1097859784119.81,NA,NA,NA,NA,NA,NA
"Puerto Rico (US)","PRI","Adjusted net national income (constant 2015 US$)","NY.ADJ.NNTY.KD",NA,NA,NA,NA,NA,NA,NA,NA,NA,NA,NA,NA,NA,NA,NA,NA,NA,NA,NA,NA,NA,NA,NA,NA,NA,NA,NA,NA,NA,NA,NA,NA,NA,NA,NA,NA,NA,NA,NA,NA,NA,NA,NA,NA,NA,NA,NA,NA,NA,NA,NA,NA
"Korea, Dem. People's Rep.","PRK","Adjusted net national income (constant 2015 US$)","NY.ADJ.NNTY.KD",NA,NA,NA,NA,NA,NA,NA,NA,NA,NA,NA,NA,NA,NA,NA,NA,NA,NA,NA,NA,NA,NA,NA,NA,NA,NA,NA,NA,NA,NA,NA,NA,NA,NA,NA,NA,NA,NA,NA,NA,NA,NA,NA,NA,NA,NA,NA,NA,NA,NA,NA,NA
"Portugal","PRT","Adjusted net national income (constant 2015 US$)","NY.ADJ.NNTY.KD",52186074988.1336,56309511522.6179,60946001407.6612,68982399156.5872,69567685824.4802,64800896768.2655,68845113935.0114,71755100234.2607,71770167953.6682,74883042755.8996,76415280858.4533,75213923387.3729,75320833761.1682,76313044556.6472,74548086745.8027,79076039234.5957,88428705011.1156,94480281612.7411,101568314794.814,108214060300.614,116095527180.921,121143372039.517,126489199898.609,125143092444.43,129149212678.248,130900163961.11,134539135621.836,139755286048.042,147983278640.91,154380838769.458,155173804682.477,158226321382.023,160943540736.72,160632847720.386,162550584774.955,162969776973.926,162601699832.077,167254730889.44,163812705089.421,161403899930.83,162980990264.5,160971650287.243,152870434543.922,155397112724.477,155578311551.259,159627045682.08,164201149868.056,169370379074.521,172838007359.726,177445529789.988,161492398283.094,169128910827.32
"Paraguay","PRY","Adjusted net national income (constant 2015 US$)","NY.ADJ.NNTY.KD",NA,NA,NA,NA,NA,NA,NA,NA,NA,NA,NA,NA,NA,NA,NA,NA,NA,NA,NA,NA,NA,NA,NA,NA,NA,16984396945.662,17372959168.9596,16915214821.1921,17653477725.6147,17144981413.1568,15442184055.5946,16437773164.4863,18669857462.768,17886714613.1559,18755250705.132,18617938545.7509,19619108950.7467,21748053999.0709,22897381068.6443,22984559939.6196,25626904560.1673,26989615046.1965,26369408062.2358,29068668069.8041,31179392468.8845,31841843064.7248,33847711236.8819,35670587769.0742,36526321303.071,36348357833.6598,36076442767.8428,38500538888.9676
"West Bank and Gaza","PSE","Adjusted net national income (constant 2015 US$)","NY.ADJ.NNTY.KD",NA,NA,NA,NA,NA,NA,NA,NA,NA,NA,NA,NA,NA,NA,NA,NA,NA,NA,NA,NA,NA,NA,NA,NA,NA,NA,NA,NA,NA,NA,NA,NA,NA,NA,NA,NA,NA,NA,NA,NA,NA,NA,NA,NA,NA,NA,NA,NA,NA,NA,NA,NA
"Pacific island small states","PSS","Adjusted net national income (constant 2015 US$)","NY.ADJ.NNTY.KD",NA,NA,NA,NA,NA,NA,NA,NA,NA,NA,NA,NA,NA,NA,NA,NA,NA,NA,NA,NA,NA,NA,NA,NA,NA,NA,NA,NA,NA,NA,NA,NA,NA,NA,NA,NA,NA,NA,NA,NA,NA,NA,NA,NA,NA,8139785880.16762,NA,NA,NA,NA,NA,NA
"Post-demographic dividend","PST","Adjusted net national income (constant 2015 US$)","NY.ADJ.NNTY.KD",12411336340256.4,12820677461177,13506363801896.6,14268389103517.4,13947963814589.7,13999071354112.9,14648446527337.2,15131055451619,15857714613555.5,16091226181853.7,15934492383940.4,16208909286398.5,16418249695166.9,16885539850216.8,17757368477651.3,18441072400967.1,19249526394570.5,19955371120078.5,21061448278210.5,21715021363883,22268406397240.8,22561507492302.3,23027471814394.6,23234343525959.3,24112053796583.9,24887551210645.5,25674440620935.3,26653651476023.5,27594380303449,28462505120449.5,29459540079027.9,29936174031160.5,30330566139206.1,30881813417158.8,31911220430844.6,32666430440156.9,33682699410387.4,34217120152243.7,33462966725285.8,32541672054673.1,33851276274242.9,34314746133661.1,34901336754191.2,35357447889779.5,36233645299378.2,37334021815427.9,37956065641269.7,38954961356653.1,39707937850131.3,40319568096170.2,38314483093926.4,40182952166553.5
"French Polynesia","PYF","Adjusted net national income (constant 2015 US$)","NY.ADJ.NNTY.KD",NA,NA,NA,NA,NA,NA,NA,NA,NA,NA,NA,NA,NA,NA,NA,NA,NA,NA,NA,NA,NA,NA,NA,NA,NA,NA,NA,NA,NA,NA,NA,NA,NA,NA,NA,NA,NA,NA,NA,NA,NA,NA,NA,NA,NA,NA,NA,NA,NA,NA,NA,NA
"Qatar","QAT","Adjusted net national income (constant 2015 US$)","NY.ADJ.NNTY.KD",NA,NA,NA,NA,NA,NA,NA,NA,NA,NA,NA,NA,NA,NA,NA,NA,NA,NA,NA,NA,NA,NA,NA,NA,NA,NA,NA,NA,NA,NA,NA,NA,NA,NA,NA,NA,NA,NA,NA,NA,NA,NA,NA,NA,NA,120141100027.234,NA,NA,NA,NA,NA,NA
"Romania","ROU","Adjusted net national income (constant 2015 US$)","NY.ADJ.NNTY.KD",NA,NA,NA,NA,NA,NA,NA,NA,NA,NA,NA,NA,NA,NA,NA,NA,NA,NA,NA,NA,58104125483.1491,52358295901.6299,48534259689.9794,50785612671.4725,56094771743.8284,58884856231.3923,59032021455.514,59168540388.8444,62666705570.9986,62335362420.4738,65579828252.9693,69308813181.9154,71640377804.5894,74319917387.5738,83833089669.1155,92852163119.3797,104262077353.92,118659483728.912,135822113006.051,128539920777.351,122052398472.008,125585709113.324,126964813737.262,128423780892.7,136526043327.388,142883559338.88,146737559916.942,159949505451.944,169531625531.094,179355988711.562,178612167007.963,185395265980.506
"Russian Federation","RUS","Adjusted net national income (constant 2015 US$)","NY.ADJ.NNTY.KD",NA,NA,NA,NA,NA,NA,NA,NA,NA,NA,NA,NA,NA,NA,NA,NA,NA,NA,NA,NA,NA,NA,540012911122.927,422667095724.907,360766414746.763,323000541870.523,389773956016.404,405388174021.807,382296816860.059,459985494398.925,565056800007.328,581634017198.631,601448075525.017,643616728388.645,739125895473.824,818062358691.692,921446191189.096,1050667491566.72,1096873113885.16,907729611397.346,1028706811791.12,1122419687981.78,1167622942954.37,1160241222128.43,1152076598274.5,1083892657483.01,1044239077830.52,1079808176876.96,1139086380133.59,1142260932673.75,1105324028277.86,1076151559868.46
"Rwanda","RWA","Adjusted net national income (constant 2015 US$)","NY.ADJ.NNTY.KD",NA,NA,NA,NA,NA,NA,NA,NA,NA,NA,1398890593.88097,1565510107.83696,1543918440.76481,1771388861.71914,1661058363.26122,1649212022.92777,1774237624.46946,1662850685.16259,1802454891.28442,1772893316.89674,1767519659.80099,1873485664.56982,1920261032.5089,1806032814.74957,717953214.228579,1112503441.08966,1219770974.32779,1500490462.28254,1621983988.51834,2061173228.11598,2328946574.44356,2458167357.05908,2748853415.07177,2645178344.38517,2944876246.18614,3282642430.86691,3759989366.17862,4040399595.34686,4087876236.14562,4434832386.33537,4742824722.89006,5190398395.24806,5591099035.71031,5836848590.04133,6237941227.80639,6950737986.35936,7284095769.69859,7523516519.08954,8151704144.03521,8972672637.97469,8657424683.40498,9598871352.02326
"South Asia","SAS","Adjusted net national income (constant 2015 US$)","NY.ADJ.NNTY.KD",220220490908.68,223317776444.067,222739518436.403,239598970561.939,224228077785.538,236024391958.564,252426489795.246,264566671981.905,283417831736.11,275538419828.946,303835316653.482,301921608736.74,305888495381.679,337092071380.05,343134081187.822,355747853608.367,370401721316.54,393793067750.596,423867563366.815,448029683060.37,482355165195.76,478276975589.788,497558020065.732,542748357885.43,572976749665.284,599734933194.716,667868309561.108,689312696582.346,735192502821.885,756221865000.576,798125735474.939,810015711406.113,848624342098.473,924194095988.102,1005072964899.27,1087779243545.28,1177037114342.7,1271990618751.83,1310543370121.69,1432420234275.15,1566921010035.53,1642903482088.54,1742621505853.92,1848980957941.85,1964711511837.46,2134745166911.4,2289727705463.99,2481101859469.7,2631318606430.27,2729968670499.66,2574455687885.25,2827401151704.88
"Saudi Arabia","SAU","Adjusted net national income (constant 2015 US$)","NY.ADJ.NNTY.KD",NA,NA,NA,NA,NA,NA,NA,NA,NA,NA,NA,NA,NA,NA,NA,NA,NA,NA,NA,NA,NA,NA,NA,NA,NA,NA,NA,NA,NA,NA,218315880491.577,217697978550.549,237198489112.886,250397346298.467,286534011740.696,345590785203.413,388238914013.344,417370475697.419,490282368095.134,430598730010.643,491395266883.934,585403323312.049,611772771697.842,606086949292.623,602310465590.352,529731184587.035,521165011558.045,551009536921.644,599045267498.08,601538574356.342,533733734749.651,NA
"Sudan","SDN","Adjusted net national income (constant 2015 US$)","NY.ADJ.NNTY.KD",NA,NA,NA,NA,NA,NA,NA,NA,NA,NA,NA,NA,NA,NA,NA,NA,NA,NA,NA,NA,NA,NA,NA,NA,NA,NA,NA,NA,NA,NA,NA,NA,NA,NA,NA,NA,NA,NA,NA,NA,NA,NA,NA,NA,NA,76066047561.646,NA,NA,NA,NA,NA,NA
"Senegal","SEN","Adjusted net national income (constant 2015 US$)","NY.ADJ.NNTY.KD",NA,4288631495.81682,4547736337.52398,4210137192.40987,4570351486.43199,4752467312.88764,5070118187.24171,5069143568.41967,4894760577.61753,5146459214.85326,5049316115.487,5492949310.25761,5372984251.04289,4972003274.7934,5447908281.24029,6008229685.26926,6370575864.8176,6799359319.84794,6460362785.04459,6422386707.37128,6516475325.59344,6692705005.82523,6821555752.34268,6764962486.39904,6003892878.3811,6524904367.25515,6598240456.55628,7028463653.9189,7277266389.74231,8204020957.12877,8229305947.02695,9095891550.79104,8834305062.67148,9625002265.66409,9787310167.19601,10405844036.5249,10675545969.62,11069866016.141,11062918025.229,11926511141.4857,12426255714.8865,12226648317.4876,12349953404.1076,13098609340.2808,14304478029.5941,15503087529.9722,16782681711.8316,18192350062.2903,19023873728.9061,19819164312.6308,20323372307.819,21382261508.7942
"Singapore","SGP","Adjusted net national income (constant 2015 US$)","NY.ADJ.NNTY.KD",NA,14141091374.7117,15942492085.1065,17183820218.9721,17995876384.1328,19534025733.7211,20249896306.5748,21522690856.0522,23357847876.2361,25328777934.1426,26143247831.5745,28108126106.3354,30549567566.2974,34696353004.115,38340418759.2863,38100477164.5963,37877539273.6455,40111169816.3931,46343465762.292,51838559134.5062,57489523236.6024,62526494940.8076,67000337006.2691,72637058746.2014,84192139032.2208,94131345493.6485,99801839925.3237,111513783764.173,106066567618.629,109760925737.157,124115095743.963,119862910098.159,121805080675.656,124511335968.396,135195113190.639,149108843903.258,171082611299.448,190044158905.766,177867470574.77,176365766051.784,220079161247.94,224474670846.4,227643259332.277,229200876568.766,240194148875.238,239432352811.545,252588121144.912,265945151860.172,262815369529.933,257340621233.621,232229524510.427,262103830649.256
"Solomon Islands","SLB","Adjusted net national income (constant 2015 US$)","NY.ADJ.NNTY.KD",NA,NA,NA,NA,NA,NA,NA,NA,NA,NA,563881875.044418,591970972.75162,567002372.509724,587305133.315555,581744730.81041,567237973.881314,547545519.092113,571992725.857552,599606691.427104,619270036.259176,802633357.349765,653252499.546188,747645467.210771,875271113.498594,1104707523.15548,1222852905.5296,985956188.282722,1021653799.12292,872218258.738575,881141719.809822,722514830.162679,611754045.636336,641496273.144165,707197412.939312,755741910.967038,887702167.138269,920512281.073399,958481815.554139,930196443.474364,928391616.925657,1067876759.16214,1000312530.81994,999966469.509053,1126345722.72579,1137635924.27954,1178042357.38067,1205954165.33834,1263619386.01477,1401849776.06839,1432775812.90873,1341685265.69291,1440249334.2433
"Sierra Leone","SLE","Adjusted net national income (constant 2015 US$)","NY.ADJ.NNTY.KD",NA,NA,NA,NA,NA,NA,NA,NA,NA,NA,NA,NA,NA,NA,NA,NA,NA,NA,NA,NA,NA,NA,NA,NA,NA,NA,NA,NA,NA,NA,NA,1315938677.22704,1617603765.70773,1688253325.92742,1847712721.03822,1986529801.99819,2382153820.41043,2645622817.26369,2921554337.87642,3119181822.45098,3282212865.41625,3390764823.39038,4206556930.27024,4849414493.24173,4909854130.24794,3571359705.49504,3506825502.62051,4588108242.06355,4537452169.98802,4990036610.40046,4738916737.51568,4559545968.7347
"El Salvador","SLV","Adjusted net national income (constant 2015 US$)","NY.ADJ.NNTY.KD",NA,NA,NA,NA,NA,NA,NA,NA,NA,NA,NA,NA,NA,NA,NA,NA,NA,NA,NA,NA,12045127834.1106,12288243163.1687,13293881501.1555,14461036336.8755,15443182547.7048,16517601568.6343,16467933528.3272,16927517618.1669,17533978943.8847,17436223172.3003,17352874462.6689,17493895909.0394,17623737959.7016,17590641054.6938,17384431078.2986,18077123492.7525,18741918663.3191,18845293523.4595,18532533930.3895,17795176453.1713,18088287755.7873,18693068542.2041,18886061866.9874,18900751065.8773,19067422870.4145,19824624009.2986,20291675029.6445,20344085884.2818,20400773750.6715,21204705648.0607,19096877011.3838,20529790750.4835
"San Marino","SMR","Adjusted net national income (constant 2015 US$)","NY.ADJ.NNTY.KD",NA,NA,NA,NA,NA,NA,NA,NA,NA,NA,NA,NA,NA,NA,NA,NA,NA,NA,NA,NA,NA,NA,NA,NA,NA,NA,NA,NA,NA,NA,NA,NA,NA,NA,NA,NA,NA,NA,NA,NA,NA,NA,NA,NA,NA,NA,NA,NA,NA,NA,NA,NA
"Somalia, Fed. Rep.","SOM","Adjusted net national income (constant 2015 US$)","NY.ADJ.NNTY.KD",NA,NA,NA,NA,NA,NA,NA,NA,NA,NA,NA,NA,NA,NA,NA,NA,NA,NA,NA,NA,NA,NA,NA,NA,NA,NA,NA,NA,NA,NA,NA,NA,NA,NA,NA,NA,NA,NA,NA,NA,NA,NA,NA,3435364148.40986,3671028452.71674,3925747293.08574,4054566077.85745,4175322536.54773,4697657094.37102,4932381063.91843,5020988968.77949,5291987837.35809
"Serbia","SRB","Adjusted net national income (constant 2015 US$)","NY.ADJ.NNTY.KD",NA,NA,NA,NA,NA,NA,NA,NA,NA,NA,NA,NA,NA,NA,NA,NA,NA,NA,NA,NA,NA,NA,NA,NA,NA,NA,NA,NA,NA,NA,NA,NA,NA,NA,NA,NA,28807680204.3742,30674932650.0114,32328528270.01,32197789060.8478,31928639091.1815,31216618225.8314,31011147191.4964,32171499967.9438,31960484958.1562,32529189657.5299,33356374459.5616,33434088750.7857,35255730878.8626,36497854180.5905,37541350141.3765,39678067300.8821
"Sub-Saharan Africa (excluding high income)","SSA","Adjusted net national income (constant 2015 US$)","NY.ADJ.NNTY.KD",NA,NA,NA,NA,NA,NA,NA,NA,NA,NA,NA,NA,NA,NA,NA,NA,NA,NA,NA,NA,NA,NA,NA,NA,NA,NA,NA,NA,NA,NA,NA,NA,NA,NA,NA,NA,NA,NA,NA,NA,NA,NA,NA,NA,NA,1340725445367.76,NA,NA,NA,NA,NA,NA
"South Sudan","SSD","Adjusted net national income (constant 2015 US$)","NY.ADJ.NNTY.KD",NA,NA,NA,NA,NA,NA,NA,NA,NA,NA,NA,NA,NA,NA,NA,NA,NA,NA,NA,NA,NA,NA,NA,NA,NA,NA,NA,NA,NA,NA,NA,NA,NA,NA,NA,NA,NA,NA,NA,NA,NA,4499169849.06449,12510011305.0379,8229132921.26735,9385593042.64404,8655235712.47203,NA,NA,NA,NA,NA,NA
"Sub-Saharan Africa","SSF","Adjusted net national income (constant 2015 US$)","NY.ADJ.NNTY.KD",NA,NA,NA,NA,NA,NA,NA,NA,NA,NA,NA,NA,NA,NA,NA,NA,NA,NA,NA,NA,NA,NA,NA,NA,NA,NA,NA,NA,NA,NA,NA,NA,NA,NA,NA,NA,NA,NA,NA,NA,NA,NA,NA,NA,NA,1391540994760.34,NA,NA,NA,NA,NA,NA
"Small states","SST","Adjusted net national income (constant 2015 US$)","NY.ADJ.NNTY.KD",NA,NA,NA,NA,NA,NA,NA,NA,NA,NA,NA,NA,NA,NA,NA,NA,NA,NA,NA,NA,NA,NA,NA,NA,NA,NA,NA,NA,NA,NA,NA,NA,NA,NA,NA,NA,NA,NA,NA,NA,NA,NA,NA,151677224113.416,154040972302.088,158856005023.357,163656448260.792,172085723250.84,176324973030.705,184569019202.511,164676971253.12,172737023810.158
"Sao Tome and Principe","STP","Adjusted net national income (constant 2015 US$)","NY.ADJ.NNTY.KD",NA,NA,NA,NA,NA,NA,NA,NA,NA,NA,NA,NA,NA,NA,NA,NA,NA,NA,NA,NA,NA,NA,NA,NA,NA,NA,NA,NA,NA,NA,NA,NA,NA,NA,NA,NA,NA,NA,NA,NA,NA,NA,NA,NA,NA,183054802.357012,NA,NA,NA,NA,NA,NA
"Suriname","SUR","Adjusted net national income (constant 2015 US$)","NY.ADJ.NNTY.KD",NA,NA,NA,NA,NA,NA,NA,NA,NA,NA,NA,NA,NA,NA,NA,NA,NA,NA,NA,NA,NA,NA,NA,NA,NA,NA,NA,NA,NA,NA,NA,NA,NA,NA,NA,NA,NA,NA,NA,NA,NA,NA,NA,NA,NA,4212584420.29413,NA,NA,NA,NA,NA,NA
"Slovak Republic","SVK","Adjusted net national income (constant 2015 US$)","NY.ADJ.NNTY.KD",NA,NA,NA,NA,NA,NA,NA,NA,NA,NA,NA,NA,NA,NA,NA,NA,NA,NA,NA,NA,NA,NA,NA,NA,NA,29762766008.7183,32010217924.6715,34904343230.7363,36708571778.1335,36557638696.5884,37459551331.9811,39420868627.3205,41737677963.8958,42049872386.0445,45938998649.9408,50721187724.8492,55310981711.7726,61738975680.1895,65165995106.7944,61524522413.9736,64832353551.2695,64967093278.075,66785415495.4891,67410217518.989,69036227180.9649,71566116397.4438,72310170233.5745,74925899810.241,77940780333.223,79018138334.3835,76538432504.0845,78385501863.0725
"Slovenia","SVN","Adjusted net national income (constant 2015 US$)","NY.ADJ.NNTY.KD",NA,NA,NA,NA,NA,NA,NA,NA,NA,NA,NA,NA,NA,NA,NA,NA,NA,NA,NA,NA,NA,NA,NA,NA,NA,21935456626.27,22479193570.626,23606146916.6789,24395291690.5263,25899522217.0699,25857519269.3941,27118799330.7079,28278961567.2059,29194273051.7195,30073395112.2715,30941718537.9622,32586484800.2497,34894306814.5586,35661987970.7664,33647170084.7053,33021449867.3429,32800055628.9529,31167089175.4157,31208777544.1919,32572282908.8445,32810818836.4785,34497680528.5075,36753976541.3848,38777500152.5884,40387582924.7319,38635098771.1104,41393697501.918
"Sweden","SWE","Adjusted net national income (constant 2015 US$)","NY.ADJ.NNTY.KD",187156834898.642,188844070815.119,193332299378.666,200557986864.262,200752551041.284,210584345175.201,212340786585.115,204748656424.285,205938182423.9,212336378071.523,214709853517.086,214607464533.107,213464687070.104,215216146730.009,227023096816.819,230096421248.533,242369070869.571,250225381962.565,256170556101.263,260941123214.535,260507774728.224,257527171179.687,250352950833.45,240428484911.495,257029442984.115,272512984325.405,274111664208.72,280985234085.169,293108492927.372,306079289568.718,317516647661.283,318007228105.436,321772953113.551,334457841337.293,343477863382.339,353504698913.639,376160887216.901,393556964784.439,390091010587.728,364674217423.401,389253605979.912,397615341981.944,395438810525.065,399688074910.481,410410913195.646,425025439105.011,432807161551.769,447233232675.27,452610060729.005,468434785697.733,459134878156.441,479948935657.992
"Eswatini","SWZ","Adjusted net national income (constant 2015 US$)","NY.ADJ.NNTY.KD",NA,NA,NA,NA,NA,NA,NA,NA,NA,NA,NA,NA,NA,NA,NA,NA,NA,NA,NA,NA,NA,NA,NA,NA,NA,NA,NA,NA,NA,NA,NA,NA,NA,NA,NA,NA,NA,NA,NA,NA,NA,NA,NA,2743913845.08854,2783964647.17318,2950018703.36218,2977894310.18817,2933912336.3036,3020522991.51914,2934501657.76908,2857854284.53373,2990254075.10076
"Sint Maarten (Dutch part)","SXM","Adjusted net national income (constant 2015 US$)","NY.ADJ.NNTY.KD",NA,NA,NA,NA,NA,NA,NA,NA,NA,NA,NA,NA,NA,NA,NA,NA,NA,NA,NA,NA,NA,NA,NA,NA,NA,NA,NA,NA,NA,NA,NA,NA,NA,NA,NA,NA,NA,NA,NA,NA,NA,NA,NA,NA,NA,NA,NA,NA,NA,NA,NA,NA
"Seychelles","SYC","Adjusted net national income (constant 2015 US$)","NY.ADJ.NNTY.KD",NA,NA,NA,NA,NA,NA,NA,NA,NA,NA,NA,NA,NA,NA,NA,NA,NA,NA,NA,NA,511034489.989863,493616075.716515,606363616.845378,664623616.081268,648147202.441069,657192596.297018,708789522.233211,762832985.029854,782446833.58848,714024767.333246,658858454.355354,636146936.729903,657333429.063726,725355581.352185,782646996.501938,853503317.691462,864065681.743842,821443006.512392,841925953.742532,845553168.318104,889330627.028352,988733865.75988,993665659.256647,1040613089.29295,1073881134.513,1155276355.48746,1217722751.44921,1295336569.24638,1352257563.46663,1427259402.43311,1284875807.28515,1380854388.30459
"Syrian Arab Republic","SYR","Adjusted net national income (constant 2015 US$)","NY.ADJ.NNTY.KD",NA,NA,NA,NA,NA,NA,NA,NA,NA,NA,NA,NA,NA,NA,NA,NA,NA,NA,NA,NA,NA,NA,NA,NA,NA,NA,NA,NA,NA,NA,NA,NA,NA,NA,NA,NA,NA,NA,NA,NA,NA,NA,NA,NA,NA,14164850310.2976,NA,NA,NA,NA,NA,NA
"Turks and Caicos Islands","TCA","Adjusted net national income (constant 2015 US$)","NY.ADJ.NNTY.KD",NA,NA,NA,NA,NA,NA,NA,NA,NA,NA,NA,NA,NA,NA,NA,NA,NA,NA,NA,NA,NA,NA,NA,NA,NA,NA,NA,NA,NA,NA,NA,NA,NA,NA,NA,NA,NA,NA,NA,NA,NA,NA,NA,NA,NA,855089097.52897,NA,NA,NA,NA,NA,NA
"Chad","TCD","Adjusted net national income (constant 2015 US$)","NY.ADJ.NNTY.KD",NA,NA,NA,NA,NA,NA,NA,NA,NA,NA,NA,NA,NA,NA,NA,NA,NA,NA,NA,NA,NA,NA,NA,NA,NA,NA,NA,NA,NA,NA,NA,NA,NA,NA,NA,4146197957.03118,4361903495.41282,5020966702.0636,5024350369.17426,5961703127.11329,7128702954.76297,6913657637.99975,7404006818.90349,7874177034.48423,8597696077.69483,8459709989.72586,7773942112.41098,7081360457.78401,7828554076.89694,8295851375.08219,7219908533.61987,7649285567.45064
"East Asia & Pacific (IDA & IBRD countries)","TEA","Adjusted net national income (constant 2015 US$)","NY.ADJ.NNTY.KD",NA,NA,NA,NA,NA,NA,NA,NA,NA,NA,NA,NA,NA,NA,NA,NA,NA,NA,NA,NA,NA,NA,NA,NA,NA,2752292057702.9,2485610173484.61,2572623258605.54,2174404644754.52,2186052479240.66,2175532518590.37,2306131833635.83,3108793660102.01,2902123819039.84,3581125879262.68,3884647231024.02,4497063468060.67,5637660468405.39,5948847568294.06,6679863647145.22,7213051858783.15,7545295390828.99,8276490340903,8758804017436.63,9443681811376.96,10108037295573.1,10817316567922.5,11550664998347.3,12038062022342.1,12589759520103.7,12558579967834.2,13339684832283.4
"Europe & Central Asia (IDA & IBRD countries)","TEC","Adjusted net national income (constant 2015 US$)","NY.ADJ.NNTY.KD",NA,NA,NA,NA,NA,NA,NA,NA,NA,NA,NA,NA,NA,NA,NA,NA,NA,NA,NA,NA,NA,NA,NA,NA,NA,NA,NA,NA,NA,1336057047938.8,1509573885941.74,1568608565654.07,1627250284663.62,1725549822439.5,1924980370291.69,2104067924866.94,2332753882120.97,2625964785431.53,2776756073112.7,2470154181944.46,2670006458699.53,2867315428146.74,2971551042875.57,2992855466488.21,3022450780498.78,2971398477230.65,2938276893112.67,3070551449027.92,3224459135960.06,3310362835771.35,3241889388750.68,3263472740838.62
"Togo","TGO","Adjusted net national income (constant 2015 US$)","NY.ADJ.NNTY.KD",NA,869717386.541236,926718745.337598,961196138.367039,1297594549.25891,971770694.58219,1249449030.83764,1302219942.69129,1324737662.68299,1380943889.08211,1319512981.24005,1267960824.56304,1222982283.79844,1152312487.11395,1393188526.6966,1540670793.27312,1594523324.77115,1584272668.03497,1725141233.37871,1827823260.57456,1975734458.28838,1796007254.83056,1830301019.2313,1276024011.464,1391131523.60823,1488337688.1383,1947098870.65715,2086090988.80134,2250660271.10981,2354535627.15537,2296805076.38317,2305918295.84953,2439446905.47106,2523710127.10233,2526630114.14715,2333941738.12411,2443462766.72153,2371506467.1632,2531524863.18805,2602663409.98765,2752543329.47473,2789335707.61945,2660652361.98166,3064419319.4854,3228545221.89778,3655283022.1276,5795285442.63668,6095229386.70467,6639458967.40549,7147179750.34548,7161792882.99871,7130134085.63651
"Thailand","THA","Adjusted net national income (constant 2015 US$)","NY.ADJ.NNTY.KD",NA,NA,NA,NA,NA,NA,NA,NA,NA,NA,NA,NA,NA,NA,NA,NA,NA,NA,NA,NA,NA,NA,NA,NA,NA,NA,NA,NA,NA,NA,NA,NA,NA,NA,NA,NA,NA,NA,NA,NA,NA,NA,NA,NA,NA,306808192397.832,NA,NA,NA,NA,NA,NA
"Tajikistan","TJK","Adjusted net national income (constant 2015 US$)","NY.ADJ.NNTY.KD",NA,NA,NA,NA,NA,NA,NA,NA,NA,NA,NA,NA,NA,NA,NA,NA,NA,NA,NA,NA,NA,NA,NA,NA,NA,NA,NA,NA,NA,NA,NA,NA,NA,NA,5671611979.56848,6229728163.65875,7748463771.54718,7118837181.04065,7428391385.97479,7561701110.7763,7135954726.2658,7205370996.91753,7828053119.42962,7972233729.68291,8771821319.39492,8901359503.97641,9350765963.22464,10533939744.6209,10642111752.3625,11046201999.9063,11268282745.5682,11484411194.0406
"Turkmenistan","TKM","Adjusted net national income (constant 2015 US$)","NY.ADJ.NNTY.KD",NA,NA,NA,NA,NA,NA,NA,NA,NA,NA,NA,NA,NA,NA,NA,NA,NA,NA,NA,NA,NA,NA,NA,NA,NA,NA,NA,NA,NA,NA,NA,NA,NA,NA,NA,NA,NA,NA,NA,NA,NA,NA,NA,NA,NA,NA,NA,NA,NA,NA,NA,NA
"Latin America & the Caribbean (IDA & IBRD countries)","TLA","Adjusted net national income (constant 2015 US$)","NY.ADJ.NNTY.KD",1065533165941.27,1156309058436.64,1240818562783.42,1358498336935.2,1424667029227.03,1460285751050.42,1545383250597.38,1608421843255.6,1572211329234,1751261369462.99,1881213190375.17,1881567158935.53,1819791515603.54,1694982710742.32,1682715321277.72,1709625432288.19,1764473221470.64,1797284600286.34,1801878342775.07,1880651576565.29,1942103270354.88,2073242108232.58,2163019311128.92,2228957521706.21,2377082888330.1,2399725813926.74,2509908962081.38,2656100184750.01,2700160291116.11,2661836356166.2,2734855410914.01,2740628049706.4,2751853554385.84,2784360266891.84,2904394638598.38,2980972449841.85,3207540187364.35,3415058452962.5,3517189052502.19,3447410494175.78,3678784678978.77,3836684997704.67,3887159457738.69,4025895935450.12,4074462747471.93,4117865424893.54,4100005336697.69,4231238369720.88,4244252714580.31,4293805799402.32,4004594538526.81,4166892180718.35
"Timor-Leste","TLS","Adjusted net national income (constant 2015 US$)","NY.ADJ.NNTY.KD",NA,NA,NA,NA,NA,NA,NA,NA,NA,NA,NA,NA,NA,NA,NA,NA,NA,NA,NA,NA,NA,NA,NA,NA,NA,NA,NA,NA,NA,NA,NA,NA,NA,NA,NA,NA,NA,NA,NA,NA,NA,NA,NA,NA,NA,1616381801.50379,1518724583.81051,1561159769.67619,1298974490.65184,1760611834.54788,1548628869.93369,531847538.201643
"Middle East, North Africa, Afghanistan & Pakistan (IDA & IBRD)","TMN","Adjusted net national income (constant 2015 US$)","NY.ADJ.NNTY.KD",NA,NA,NA,NA,NA,NA,NA,NA,NA,NA,NA,NA,NA,NA,NA,NA,NA,NA,NA,NA,NA,NA,NA,645451283205.209,658934156599.935,679763336556.788,730701714978.758,754285089400.519,773515758507.097,812046659801.715,810797962694.694,873255276182.825,944365748959.849,998037406129.718,1044126069420.16,1113115909132.57,1182904111127.75,1293436648849.68,1349707476400.37,1377695398528.91,1492273495029.94,1513562669186.84,1531666865746.25,1538833855662.13,1549409068233.38,1467515463946.81,1588659745990.23,1618062382047.14,1548679926813.71,1564743082809.56,1538166102574.02,1669271744539.63
"Tonga","TON","Adjusted net national income (constant 2015 US$)","NY.ADJ.NNTY.KD",NA,NA,NA,NA,NA,NA,NA,NA,NA,NA,NA,NA,NA,NA,NA,NA,NA,NA,NA,NA,NA,NA,NA,NA,364830482.154376,359061487.881449,368275727.42883,365093580.890962,382821785.095711,403803409.798086,391535228.276637,383832079.162317,385469981.162441,406959168.628888,389139771.092409,354757751.873111,384189160.248012,373989383.266798,372591794.723118,370085773.302021,378280718.301624,382281257.950106,394727919.619878,403525487.971014,390312260.863068,401993439.998123,441183351.830628,467970548.030634,469820260.403248,507690036.527241,488187231.447731,436164649.295503
"South Asia (IDA & IBRD)","TSA","Adjusted net national income (constant 2015 US$)","NY.ADJ.NNTY.KD",220220490908.68,223317776444.067,222739518436.403,239598970561.939,224228077785.538,236024391958.564,252426489795.246,264566671981.905,283417831736.11,275538419828.946,303835316653.482,301921608736.74,305888495381.679,337092071380.05,343134081187.822,355747853608.367,370401721316.54,393793067750.596,423867563366.815,448029683060.37,482355165195.76,478276975589.788,497558020065.732,542748357885.43,572976749665.284,599734933194.716,667868309561.108,689312696582.346,735192502821.885,756221865000.576,798125735474.939,810015711406.113,848624342098.473,924194095988.102,1005072964899.27,1087779243545.28,1177037114342.7,1271990618751.83,1310543370121.69,1432420234275.15,1566921010035.53,1642903482088.54,1742621505853.92,1848980957941.85,1964711511837.46,2134745166911.4,2289727705463.99,2481101859469.7,2631318606430.27,2729968670499.66,2574455687885.25,2827401151704.88
"Sub-Saharan Africa (IDA & IBRD countries)","TSS","Adjusted net national income (constant 2015 US$)","NY.ADJ.NNTY.KD",NA,NA,NA,NA,NA,NA,NA,NA,NA,NA,NA,NA,NA,NA,NA,NA,NA,NA,NA,NA,NA,NA,NA,NA,NA,NA,NA,NA,NA,NA,NA,NA,NA,NA,NA,NA,NA,NA,NA,NA,NA,NA,NA,NA,NA,1391540994760.34,NA,NA,NA,NA,NA,NA
"Trinidad and Tobago","TTO","Adjusted net national income (constant 2015 US$)","NY.ADJ.NNTY.KD",NA,NA,NA,NA,NA,NA,NA,NA,NA,NA,NA,NA,NA,NA,NA,NA,NA,NA,NA,NA,NA,NA,NA,NA,NA,NA,NA,NA,NA,NA,NA,NA,NA,NA,NA,NA,NA,NA,NA,NA,NA,NA,NA,NA,NA,22203894537.2528,NA,NA,NA,NA,NA,NA
"Tunisia","TUN","Adjusted net national income (constant 2015 US$)","NY.ADJ.NNTY.KD",4222906568.54097,4604838986.37822,5515806564.65439,5425409579.96424,6097504138.94674,6372116259.90155,6518040738.06287,6605473828.30062,7156325626.54369,7489732679.92919,7940598680.7584,8598482674.77675,8671557245.70365,9022588543.97626,9205433224.82887,9293622168.56029,8982514772.69147,9550205481.5717,9679821653.26271,9920266001.62943,10879227602.9755,11035280039.6463,10872460469.8776,10805803045.333,11317886602.7011,11798031867.068,12697004472.2147,13641830952.4302,14414836928.4572,15273356090.1601,15616180600.0316,17484583211.6721,17807053365.8828,18730600060.6621,19603084944.8279,20248655325.8477,21142449555.4633,21754325984.2038,21677686382.0791,23385746733.0146,32490692452.8435,30564764355.5541,31516037111.5792,33388129509.5934,35615347620.9525,37747016889.318,38896005310.0519,39836174873.9329,42458236403.8186,42176702714.3578,38029987124.8558,39713291285.4017
"Turkiye","TUR","Adjusted net national income (constant 2015 US$)","NY.ADJ.NNTY.KD",NA,NA,NA,NA,NA,NA,NA,NA,NA,NA,NA,NA,NA,NA,NA,NA,NA,NA,NA,NA,NA,NA,NA,NA,NA,NA,NA,NA,NA,NA,NA,NA,NA,NA,NA,NA,NA,NA,NA,NA,NA,NA,NA,NA,NA,726983882746.545,NA,NA,NA,NA,NA,NA
"Tuvalu","TUV","Adjusted net national income (constant 2015 US$)","NY.ADJ.NNTY.KD",NA,NA,NA,NA,NA,NA,NA,NA,NA,NA,NA,NA,NA,NA,NA,NA,NA,NA,NA,NA,NA,NA,NA,NA,NA,NA,NA,NA,NA,NA,NA,NA,NA,NA,NA,NA,NA,NA,NA,NA,NA,NA,NA,NA,NA,NA,NA,NA,NA,NA,NA,NA
"Tanzania","TZA","Adjusted net national income (constant 2015 US$)","NY.ADJ.NNTY.KD",NA,NA,NA,NA,NA,NA,NA,NA,NA,NA,NA,NA,NA,NA,NA,NA,NA,NA,NA,NA,8161273114.69311,8688880208.25475,8285401167.0672,8010977236.41009,8383839663.49429,9247993840.3903,9974577877.1301,11243365293.9418,13273393315.8395,14228608339.7197,14992890550.7311,15942338924.2509,17811748031.9653,18683351018.8077,20020831052.3198,22081691485.2389,24236555405.6737,25100541554.3716,25741418542.3076,26250011294.0925,27198617095.0248,27978400562.2405,26824979336.9924,30914404710.4252,34589742236.4357,39194492137.8039,43239080245.2784,46377542143.4391,49124200634.0404,51761277538.3508,52687155161.4589,54790431980.081
"Uganda","UGA","Adjusted net national income (constant 2015 US$)","NY.ADJ.NNTY.KD",NA,NA,NA,NA,NA,NA,NA,NA,NA,NA,NA,NA,3140699635.65556,4117064827.06946,4703403733.53215,4661585834.73352,4412789997.44429,4857174164.59872,5295214894.06977,5327467492.66794,5075835277.65199,4828253263.18463,4489788484.16624,5704519942.90663,6364106724.21789,7520789494.54706,7987539660.4055,8816737560.70075,8895217515.71096,10052853640.6941,9828865430.85296,9923340764.48466,10419856707.6713,10116596719.4138,11664684871.6783,12564669619.2013,14050502500.6115,14765580600.879,15603238600.7322,18334127100.9636,19454340688.8151,20358284402.7265,20013880294.4598,20902693614.3146,23573945100.0257,24691892717.6739,26420410513.5733,27550903584.6654,29881265809.1572,31540830392.2397,32160698767.4767,33112529137.9535
"Ukraine","UKR","Adjusted net national income (constant 2015 US$)","NY.ADJ.NNTY.KD",NA,NA,NA,NA,NA,NA,NA,NA,NA,NA,NA,NA,NA,NA,NA,NA,NA,NA,NA,NA,NA,NA,NA,NA,NA,46809648358.7357,41257058476.688,41373986342.844,41815132422.7772,43221245878.4147,43617162894.5415,47737250461.0022,50584843110.3693,56226046979.8978,65364427115.6593,71608135126.3286,78720460527.2325,91642255404.0543,95932907326.5707,72577115458.5599,79686709875.7674,86174734125.6235,94585401958.9019,94994726647.6612,87451516932.7847,82933027873.4708,82575467847.0255,89217756482.6559,92231243907.0207,95686458260.8097,96893875532.2933,102304840377.162
"Upper middle income","UMC","Adjusted net national income (constant 2015 US$)","NY.ADJ.NNTY.KD",NA,NA,NA,NA,NA,NA,NA,NA,NA,NA,NA,NA,NA,NA,NA,NA,NA,NA,NA,NA,NA,NA,NA,NA,NA,5610891785559.73,5444875807056.79,5675075870767.89,5271585838562.93,5264511309230.53,5339936672913.61,5528306540259.15,6456505357820.68,6321928052973.68,7196944221387.06,7640277926418.21,8575936186644.31,10079380031220,10521536427156.6,11153744054432.1,11998272754147.7,12519692094425.8,13298100503115.1,13891506534543.9,14603552438328.9,15170785028471.3,15884609001766.4,16785135331539.5,17173133713239.6,17759137553388.1,17467476304941.3,18555322504121.4
"Uruguay","URY","Adjusted net national income (constant 2015 US$)","NY.ADJ.NNTY.KD",NA,18922790183.6307,18255632746.2802,17360616180.3359,18105935907.5196,18789383419.6092,19910555145.2418,19989450524.7761,21403585479.3427,23274526740.709,23843191828.4112,25314302193.8869,22389975536.0616,17950231332.4553,17561195574.0434,17781213986.7137,20744845443.9046,23415869921.5511,23818689657.6747,24194864297.4646,23269403444.1123,24978430301.2427,27906712035.9863,29208926885.3014,31846088130.1979,31348829886.7399,33367858398.0354,34567670263.4143,36451386726.2145,35468980259.4092,34156527771.6705,32948647356.9742,30649528312.336,29329068673.9676,30729690255.6968,32892351111.1345,34028760319.7586,36299030937.8722,38553258337.3087,39816397939.9036,43174776785.3353,45155307250.2552,44005450753.454,46992659860.0022,47446028727.5098,47804269388.5369,54083722545.4159,54242019466.0061,53754854049.0324,54704778748.2366,50896899133.8317,52526161844.0203
"United States","USA","Adjusted net national income (constant 2015 US$)","NY.ADJ.NNTY.KD",4627287139836.88,4750253410345.14,5008082057918.86,5280843646766.28,5051458381613.76,5036053457646.29,5287786655117.13,5499864636558.52,5781119400259.27,5743738600460.01,5615664871185.68,5855629861935.46,5926830879632.41,6115933213164.7,6607353413241.62,6883446235305.96,7125240097629.97,7383177015964.92,7810772588662.79,7991580491472.59,8098468432642.42,8126531392810.43,8407664585796.79,8598535208113.5,8980923718895.26,9281768538858.39,9683136238903.17,10205665293845.6,10807581632538.6,11256657796619.9,11685993442781.2,11866928429617.1,12042708321673.3,12273717251681.6,12743573217206.3,13093128971318.2,13585320167900.6,13630893523942,13268614255534.2,13134094851709.8,13696787718880.6,13975761014372.1,14510464675971.2,14713022223820.5,15204165027279.6,15741217552602.7,15909022435714,16338516827532.4,16811934510154,17196358447812.5,16606198871866.3,17477801835747.3
"Uzbekistan","UZB","Adjusted net national income (constant 2015 US$)","NY.ADJ.NNTY.KD",NA,NA,NA,NA,NA,NA,NA,NA,NA,NA,NA,NA,NA,NA,NA,NA,NA,NA,NA,NA,NA,NA,NA,NA,NA,NA,NA,NA,NA,NA,NA,NA,NA,NA,NA,NA,NA,NA,NA,NA,NA,NA,NA,NA,NA,74303403461.0591,NA,NA,NA,NA,NA,NA
"St. Vincent and the Grenadines","VCT","Adjusted net national income (constant 2015 US$)","NY.ADJ.NNTY.KD",NA,NA,NA,NA,NA,NA,NA,NA,NA,NA,NA,NA,NA,NA,NA,NA,NA,NA,NA,NA,NA,NA,NA,NA,NA,NA,NA,NA,NA,NA,NA,NA,NA,NA,NA,NA,NA,NA,NA,NA,NA,NA,NA,NA,NA,647038947.434155,NA,NA,NA,NA,NA,NA
"Venezuela, RB","VEN","Adjusted net national income (constant 2015 US$)","NY.ADJ.NNTY.KD",NA,NA,NA,NA,NA,NA,NA,NA,NA,NA,NA,NA,NA,NA,NA,NA,NA,NA,NA,NA,NA,NA,NA,NA,NA,NA,NA,NA,NA,NA,NA,NA,NA,NA,NA,NA,NA,NA,NA,NA,NA,NA,NA,NA,NA,NA,NA,NA,NA,NA,NA,NA
"British Virgin Islands","VGB","Adjusted net national income (constant 2015 US$)","NY.ADJ.NNTY.KD",NA,NA,NA,NA,NA,NA,NA,NA,NA,NA,NA,NA,NA,NA,NA,NA,NA,NA,NA,NA,NA,NA,NA,NA,NA,NA,NA,NA,NA,NA,NA,NA,NA,NA,NA,NA,NA,NA,NA,NA,NA,NA,NA,NA,NA,NA,NA,NA,NA,NA,NA,NA
"Virgin Islands (U.S.)","VIR","Adjusted net national income (constant 2015 US$)","NY.ADJ.NNTY.KD",NA,NA,NA,NA,NA,NA,NA,NA,NA,NA,NA,NA,NA,NA,NA,NA,NA,NA,NA,NA,NA,NA,NA,NA,NA,NA,NA,NA,NA,NA,NA,NA,NA,NA,NA,NA,NA,NA,NA,NA,NA,NA,NA,NA,NA,NA,NA,NA,NA,NA,NA,NA
"Viet Nam","VNM","Adjusted net national income (constant 2015 US$)","NY.ADJ.NNTY.KD",NA,NA,NA,NA,NA,NA,NA,NA,NA,NA,NA,NA,NA,NA,NA,NA,NA,NA,NA,NA,NA,NA,NA,NA,NA,53996239358.6008,57805481931.4339,62786410286.3329,66983778327.9155,69470989233.3753,70437254366.6551,75023790866.3332,79295007846.1942,81906583920.4245,84558065454.5411,91564821265.5605,97703876006.4299,105708712652.6,111817402107.081,117096544896.027,138131564455.816,150606919584.02,162310863163.563,171501096096.108,185014313334.681,193012873974.015,209402026661.057,226725198869.01,248894299318.433,267515800894.765,278406490984.031,280048337079.71
"Vanuatu","VUT","Adjusted net national income (constant 2015 US$)","NY.ADJ.NNTY.KD",NA,NA,NA,NA,NA,NA,NA,NA,NA,NA,NA,NA,NA,NA,NA,NA,NA,NA,NA,NA,NA,NA,NA,NA,NA,NA,NA,NA,NA,NA,NA,NA,401717421.101958,416966585.688887,431854988.175897,445600206.832838,496675731.927148,511844034.212771,577134809.200912,550127562.970875,552447720.736968,582711720.200625,571013941.280732,627343676.293735,683270175.932789,683379604.75955,732586024.859931,768813345.41048,887055896.402122,955407934.582455,852517739.904773,823243549.976155
"World","WLD","Adjusted net national income (constant 2015 US$)","NY.ADJ.NNTY.KD",NA,16958881565039.7,17876641481321.5,18946706175853.7,18650157502998.1,18760347844203.5,19660282269356,20334445202938,21190856671176.6,21647416804395.5,21715682601249.1,22091946840189.7,22306481835604.1,23203650738080.6,24525778347236.5,25735006763450.4,26713837316546.7,27420061246229.5,28133847689630.4,29083747311827.7,30133749409579.6,30506962511005.6,31271889260984.4,31784884956696.3,33208433970944,34213519123706.5,35116801676220.1,36504083250017.3,37210330607701.1,38278271783895.6,39603776556832.7,40375879789595.7,41828450739326.9,42473126409607.8,44740840033540.9,46333603276735.6,48747512404731.3,51209015651057.6,51145824381043.3,50714758379894.3,53377817853328.3,54811395911658.8,56547288254495.5,57876092323150.5,59783505568580.6,61631628380470.5,63314455633245.7,65675548772864.8,67333002775870,68853099206163,66066299869599.6,69541875031961
"Samoa","WSM","Adjusted net national income (constant 2015 US$)","NY.ADJ.NNTY.KD",NA,NA,NA,NA,NA,NA,NA,NA,NA,NA,NA,NA,NA,NA,NA,NA,NA,NA,NA,NA,NA,NA,NA,NA,NA,NA,NA,NA,NA,NA,NA,NA,NA,NA,NA,NA,NA,NA,NA,631657925.904668,785647414.872828,655204488.327137,653571988.92019,859704908.269955,671828606.443289,732622037.78255,808827079.594502,809831593.358995,808351931.395041,847564305.240304,807306818.641132,773813589.245989
"Kosovo","XKX","Adjusted net national income (constant 2015 US$)","NY.ADJ.NNTY.KD",NA,NA,NA,NA,NA,NA,NA,NA,NA,NA,NA,NA,NA,NA,NA,NA,NA,NA,NA,NA,NA,NA,NA,NA,NA,NA,NA,NA,NA,NA,NA,NA,NA,NA,NA,NA,NA,NA,NA,NA,NA,NA,NA,NA,NA,NA,NA,NA,NA,NA,NA,NA
"Yemen, Rep.","YEM","Adjusted net national income (constant 2015 US$)","NY.ADJ.NNTY.KD",NA,NA,NA,NA,NA,NA,NA,NA,NA,NA,NA,NA,NA,NA,NA,NA,NA,NA,NA,NA,NA,NA,NA,NA,NA,NA,NA,NA,NA,NA,NA,NA,NA,NA,NA,NA,NA,NA,NA,NA,47114040397.1047,41543948136.5858,46480419649.0434,50575840906.2256,50433804062.4373,38965340068.7833,36091015241.9214,35025769432.1228,33000535477.0422,NA,NA,NA
"South Africa","ZAF","Adjusted net national income (constant 2015 US$)","NY.ADJ.NNTY.KD",NA,81670302424.2361,84773403421.7002,95453049858.7997,100350716726.478,94703954803.6585,93028705680.5001,91876566067.2256,95301019591.3614,97603673793.5777,105665152238.284,107564964173.737,108115333597.232,110197147558.774,119033109846.825,110980137502.187,109096771909.901,116528775161.115,121370628366.803,124970805119.506,125365293700.191,128197544226.102,130788816024.064,137785179833.072,141225886264.927,148937971547.542,154722919055.286,159468847695.201,161250512374.219,163226831957.818,170676468475.167,174255540644.666,187824305896.473,199566874488.924,207892201492.59,221607944612.13,235445533844.162,243313689917.538,234057462832.31,247530058712.056,255900704860.316,261935699330.493,266131229247.911,270564894039.914,275340857896.247,286512572884.149,285886412594.95,292777646782.024,294828099750.251,298471907881.499,284801153601.431,304657487098.675
"Zambia","ZMB","Adjusted net national income (constant 2015 US$)","NY.ADJ.NNTY.KD",NA,NA,NA,NA,NA,NA,NA,NA,NA,NA,NA,NA,NA,NA,NA,NA,NA,NA,NA,NA,NA,NA,NA,NA,NA,NA,NA,NA,NA,NA,NA,NA,NA,NA,NA,NA,NA,NA,NA,NA,NA,NA,NA,NA,NA,17062740007.3973,NA,NA,NA,NA,NA,NA
"Zimbabwe","ZWE","Adjusted net national income (constant 2015 US$)","NY.ADJ.NNTY.KD",NA,NA,NA,NA,NA,NA,NA,NA,NA,NA,NA,NA,NA,NA,NA,NA,NA,NA,NA,NA,NA,NA,NA,NA,NA,NA,NA,NA,NA,NA,NA,NA,NA,NA,NA,NA,NA,NA,NA,8720380985.55807,9926724141.2483,10317135944.17,12870308623.8557,13746019232.3762,13663544320.4016,15403238923.9308,15123764206.7761,5712301947.80263,16930285323.1337,15028637311.1779,13514080711.4693,14298643618.5238
